Avtorji, Tezavnost, Cas priprave, Cas kuhanja, Skupen cas, Dolzina navodil, Energijska vrednost, Beljakovine, Ogljikovi hidrati, Mascobe, Vlaknine, Vitamin D
M.J. , 1 , 15 , 40 , 55 , 1276 , 315.98 , 1.8 , 11.0 , 2.21 , 1.36 , 0.0
Su.S. , 1 , 20 , 40 , 60 , 1290 , 1260.01 , 6.38 , 60.2 , 2.67 , 0.74 , 0.3
Sanja Sirk , 1 , 15 , 35 , 50 , 1525 , 579.02 , 15.07 , 2.62 , 6.46 , 0.09 , 0.0
M. J. , 1 , 10 , 30 , 40 , 1116 , 145.44 , 0.16 , 3.97 , 1.59 , 0.24 , 0.0
M. J. , 1 , 20 , 90 , 110 , 2125 , 654.54 , 7.66 , 9.0 , 9.33 , 1.02 , 0.04
Su.S. , 1 , 35 , 55 , 90 , 836 , 910.4 , 2.34 , 30.44 , 9.15 , 0.93 , 0.16
Su.S. , 1 , 25 , 25 , 50 , 886 , 384.47 , 6.62 , 3.17 , 4.97 , 0.55 , 0.28
M. J. , 1 , 55 , 10 , 65 , 925 , 463.34 , 5.15 , 17.01 , 1.37 , 0.77 , 0.09
M. J. , 1 , 40 , 240 , 280 , 1712 , 1307.58 , 9.39 , 38.02 , 12.58 , 1.55 , 0.48
Su.S. , 1 , 15 , 0 , 15 , 696 , 1946.77 , 16.39 , 34.01 , 28.68 , 0.82 , 5.0
Sanja Sirk , 1 , 30 , 65 , 95 , 2167 , 1112.61 , 14.11 , 30.47 , 8.68 , 1.34 , 0.07
Sanja Sirk , 1 , 80 , 35 , 115 , 1940 , 659.61 , 8.63 , 24.75 , 1.38 , 1.73 , 0.12
Kristina Turk , 1 , 15 , 20 , 35 , 1029 , 470.78 , 6.36 , 19.69 , 0.45 , 0.61 , 0.0
M. J. , 1 , 40 , 20 , 60 , 1948 , 485.72 , 8.18 , 5.79 , 5.67 , 0.58 , 0.06
Su.S. , 1 , 30 , 60 , 90 , 1729 , 329.16 , 1.58 , 12.9 , 1.87 , 1.4 , 0.0
M.J. , 1 , 10 , 20 , 30 , 542 , 346.94 , 1.51 , 10.99 , 3.39 , 2.14 , 0.0
M. J. , 1 , 10 , 35 , 45 , 1365 , 779.27 , 5.09 , 22.28 , 7.64 , 2.42 , 0.25
Su.S. , 1 , 20 , 30 , 50 , 778 , 788.81 , 12.99 , 1.85 , 13.48 , 0.38 , 0.38
Su.S. , 1 , 45 , 5 , 50 , 1415 , 1868.45 , 5.58 , 35.72 , 31.02 , 2.66 , 0.09
Su.S. , 1 , 20 , 45 , 65 , 943 , 1217.13 , 3.44 , 40.93 , 12.04 , 1.0 , 0.22
M. J. , 1 , 10 , 35 , 45 , 720 , 213.64 , 1.06 , 10.62 , 0.0 , 1.59 , 0.0
Sanja Sirk , 1 , 10 , 40 , 50 , 744 , 122.13 , 0.66 , 6.11 , 0.0 , 0.66 , 0.0
M. J. , 1 , 15 , 35 , 50 , 1256 , 1130.56 , 5.11 , 45.48 , 6.23 , 1.02 , 0.1
M. J. , 1 , 15 , 10 , 25 , 1144 , 785.88 , 0.0 , 48.07 , 0.0 , 0.05 , 0.0
M. J. , 1 , 10 , 15 , 25 , 469 , 423.34 , 6.6 , 9.51 , 3.53 , 2.12 , 0.0
M.J. , 1 , 30 , 10 , 40 , 1854 , 1432.06 , 7.62 , 25.57 , 22.79 , 2.78 , 0.0
M. J. , 1 , 15 , 110 , 125 , 1871 , 696.38 , 9.23 , 5.88 , 10.96 , 0.52 , 0.12
M. J. , 1 , 15 , 20 , 35 , 1564 , 751.61 , 6.45 , 10.69 , 10.96 , 0.28 , 0.0
Sanja Sirk , 1 , 30 , 15 , 45 , 1646 , 600.4 , 9.07 , 26.41 , 0.0 , 1.33 , 0.0
Sanja Sirk , 1 , 50 , 15 , 65 , 1049 , 0.0 , 0.0 , 0.0 , 0.0 , 0.0 , 0.0
Su.S. , 1 , 10 , 0 , 10 , 378 , 2021.75 , 24.96 , 39.23 , 24.07 , 1.78 , 8.92
Sanja Sirk , 1 , 15 , 45 , 60 , 825 , 244.26 , 1.03 , 12.63 , 0.0 , 1.46 , 0.0
M. J. , 1 , 15 , 30 , 45 , 1212 , 461.87 , 7.51 , 6.3 , 5.76 , 0.74 , 0.07
M. J. , 1 , 10 , 40 , 50 , 1123 , 1306.29 , 5.64 , 37.57 , 14.63 , 0.59 , 0.2
M. J. , 1 , 10 , 30 , 40 , 548 , 318.95 , 1.07 , 5.98 , 5.25 , 2.46 , 0.0
M.J. , 1 , 20 , 26 , 46 , 850 , 338.99 , 2.97 , 7.81 , 3.55 , 1.29 , 0.32
M. J. , 1 , 20 , 45 , 65 , 1380 , 432.21 , 0.81 , 25.25 , 0.0 , 1.67 , 0.0
M. J. , 1 , 20 , 15 , 35 , 1682 , 802.66 , 3.71 , 20.77 , 9.81 , 1.15 , 0.0
M. J. , 1 , 15 , 45 , 60 , 1105 , 525.3 , 8.04 , 7.45 , 6.08 , 0.59 , 0.49
M. J. , 1 , 10 , 55 , 65 , 1066 , 672.87 , 4.2 , 25.56 , 3.6 , 1.68 , 0.48
M. J. , 1 , 10 , 45 , 55 , 1459 , 576.6 , 5.74 , 12.86 , 6.32 , 0.74 , 0.0
Su.S. , 1 , 10 , 30 , 40 , 733 , 416.6 , 1.78 , 13.24 , 3.63 , 1.78 , 0.08
Su.S. , 1 , 10 , 30 , 40 , 720 , 690.07 , 8.12 , 16.43 , 6.41 , 0.9 , 0.1
Su.S. , 1 , 20 , 60 , 80 , 1046 , 1030.73 , 6.09 , 22.66 , 14.29 , 1.16 , 0.34
M. J. , 1 , 15 , 30 , 45 , 1147 , 202.59 , 0.86 , 4.32 , 2.47 , 0.74 , 0.0
Su.S. , 1 , 15 , 0 , 15 , 860 , 1856.9 , 6.02 , 34.75 , 30.42 , 2.37 , 0.0
M.J. , 1 , 15 , 50 , 65 , 1258 , 463.09 , 4.82 , 7.34 , 6.31 , 1.04 , 0.27
M.J. , 1 , 40 , 0 , 40 , 681 , 1591.18 , 10.01 , 71.32 , 4.09 , 2.25 , 0.0
Kristina Turk , 1 , 30 , 15 , 45 , 1254 , 1173.15 , 5.16 , 28.84 , 16.14 , 1.77 , 0.17
M.J. , 1 , 10 , 35 , 45 , 542 , 754.38 , 17.5 , 2.55 , 9.19 , 0.0 , 1.55
Su.S. , 1 , 45 , 30 , 75 , 1365 , 1682.76 , 6.56 , 50.14 , 18.27 , 0.78 , 0.47
M. J. , 1 , 10 , 20 , 30 , 1422 , 512.79 , 5.0 , 9.01 , 6.51 , 1.14 , 0.0
S. S. , 1 , 30 , 30 , 60 , 1458 , 1355.95 , 5.34 , 22.52 , 23.23 , 1.6 , 0.89
M. J. , 1 , 10 , 55 , 65 , 1490 , 394.84 , 1.03 , 15.01 , 2.81 , 1.88 , 0.0
M. J. , 1 , 45 , 8 , 53 , 772 , 668.65 , 12.1 , 1.41 , 10.81 , 0.24 , 0.0
Sanja Sirk , 1 , 20 , 140 , 160 , 2066 , 442.71 , 6.54 , 15.3 , 0.83 , 0.78 , 0.17
Su.S. , 1 , 15 , 5 , 20 , 1207 , 1361.85 , 12.13 , 25.32 , 19.11 , 1.06 , 3.02
MasterChef , 1 , 80 , 40 , 120 , 2214 , 1044.03 , 5.91 , 28.82 , 11.55 , 0.26 , 0.82
MasterChef , 1 , 110 , 40 , 150 , 1552 , 1526.87 , 4.02 , 30.95 , 25.15 , 1.48 , 0.42
MasterChef , 1 , 120 , 30 , 150 , 2086 , 1086.63 , 4.8 , 17.51 , 18.41 , 0.36 , 0.83
MasterChef , 1 , 100 , 30 , 130 , 1398 , 1571.18 , 5.99 , 52.78 , 15.01 , 0.74 , 0.46
M. J. , 1 , 180 , 20 , 200 , 2032 , 1629.84 , 9.22 , 52.61 , 14.49 , 2.14 , 0.33
M. J. , 1 , 15 , 35 , 50 , 1471 , 568.9 , 6.16 , 6.82 , 8.53 , 0.85 , 0.0
M. J. , 1 , 15 , 20 , 35 , 516 , 668.31 , 13.5 , 5.72 , 7.78 , 0.34 , 0.11
Su.S. , 1 , 15 , 15 , 30 , 687 , 327.94 , 3.5 , 9.63 , 2.06 , 1.19 , 0.13
Su.S. , 1 , 45 , 15 , 60 , 1191 , 1223.36 , 3.61 , 46.29 , 10.17 , 1.51 , 0.07
M. J. , 1 , 20 , 40 , 60 , 1892 , 820.61 , 10.09 , 11.33 , 11.06 , 0.55 , 0.27
M. J. , 1 , 5 , 25 , 30 , 1264 , 978.26 , 15.61 , 2.09 , 17.22 , 0.16 , 0.0
Su.S. , 1 , 15 , 15 , 30 , 920 , 768.73 , 1.5 , 42.74 , 1.12 , 0.56 , 0.19
M. J. , 1 , 15 , 30 , 45 , 1476 , 1128.97 , 4.19 , 27.09 , 15.92 , 0.0 , 0.28
Sanja Sirk , 1 , 10 , 35 , 45 , 838 , 381.79 , 4.16 , 12.25 , 2.63 , 1.31 , 0.44
Su.S. , 1 , 10 , 45 , 55 , 607 , 664.96 , 12.14 , 21.9 , 5.64 , 4.55 , 0.43
M.J. , 1 , 20 , 15 , 35 , 1275 , 933.62 , 13.02 , 5.41 , 15.73 , 0.26 , 0.13
M. J. , 1 , 10 , 25 , 35 , 1514 , 297.36 , 1.44 , 8.27 , 3.23 , 1.8 , 0.0
M. J. , 1 , 30 , 20 , 50 , 1778 , 1772.76 , 4.97 , 45.5 , 23.66 , 0.75 , 0.15
M. J. , 1 , 5 , 40 , 45 , 1196 , 1022.74 , 15.75 , 1.22 , 18.07 , 0.12 , 0.0
Sanja Sirk , 1 , 60 , 60 , 120 , 1873 , 1086.0 , 4.36 , 28.79 , 14.27 , 3.17 , 0.32
Su.S. , 1 , 10 , 10 , 20 , 966 , 924.12 , 11.06 , 18.58 , 10.55 , 1.03 , 0.0
M.J. , 1 , 75 , 40 , 115 , 1181 , 1409.34 , 5.38 , 28.4 , 22.38 , 1.68 , 0.17
M.J. , 1 , 270 , 30 , 300 , 1160 , 1069.01 , 8.51 , 47.46 , 1.64 , 1.49 , 0.15
M. J. , 1 , 30 , 0 , 30 , 1033 , 588.23 , 0.02 , 35.84 , 0.0 , 0.66 , 0.0
M. J. , 1 , 5 , 18 , 23 , 1283 , 688.81 , 16.87 , 0.46 , 9.49 , 0.28 , 0.0
Su.S. , 1 , 30 , 0 , 30 , 1016 , 719.69 , 4.43 , 20.39 , 7.58 , 1.21 , 0.0
M.J. , 1 , 10 , 98 , 108 , 932 , 504.8 , 6.86 , 9.81 , 5.24 , 1.26 , 0.0
M. J. , 1 , 15 , 50 , 65 , 1844 , 1180.72 , 4.32 , 25.78 , 17.39 , 0.95 , 0.12
Su.S. , 1 , 10 , 10 , 20 , 881 , 794.0 , 5.38 , 20.4 , 9.13 , 2.85 , 0.0
Su.S. , 1 , 20 , 15 , 35 , 601 , 1603.18 , 8.65 , 68.52 , 6.65 , 1.66 , 0.0
M. J. , 1 , 10 , 40 , 50 , 903 , 491.54 , 3.94 , 18.09 , 2.09 , 1.28 , 0.46
M. J. , 1 , 10 , 20 , 30 , 1211 , 1374.03 , 17.71 , 66.32 , 0.0 , 0.0 , 0.0
M. J. , 1 , 10 , 0 , 10 , 743 , 1019.35 , 10.88 , 26.62 , 8.3 , 0.57 , 1.15
Kristina Turk , 1 , 90 , 15 , 105 , 2044 , 1046.75 , 4.94 , 30.49 , 11.42 , 0.54 , 0.54
Sanja Sirk , 1 , 15 , 25 , 40 , 1203 , 1273.74 , 12.33 , 24.35 , 15.61 , 0.78 , 0.31
M. J. , 1 , 10 , 45 , 55 , 1234 , 544.88 , 9.4 , 12.62 , 3.39 , 0.0 , 0.42
Su.S. , 1 , 5 , 15 , 20 , 744 , 638.81 , 9.02 , 25.79 , 0.3 , 1.26 , 0.0
M. J. , 1 , 40 , 55 , 95 , 1356 , 1528.62 , 4.86 , 54.1 , 13.55 , 2.06 , 0.09
M. J. , 1 , 30 , 15 , 45 , 1628 , 612.79 , 6.59 , 13.86 , 6.19 , 0.4 , 0.0
Su.S. , 1 , 30 , 0 , 30 , 1413 , 952.49 , 3.18 , 31.92 , 9.13 , 0.45 , 0.62
Sanja Sirk , 1 , 15 , 160 , 175 , 2105 , 557.85 , 9.26 , 16.71 , 2.27 , 1.19 , 0.05
Su.S. , 1 , 15 , 10 , 25 , 1053 , 479.19 , 5.34 , 16.99 , 2.87 , 2.71 , 0.0
M.J. , 1 , 15 , 10 , 25 , 488 , 769.86 , 16.89 , 0.59 , 10.67 , 0.0 , 0.59
M. J. , 1 , 10 , 120 , 130 , 1578 , 568.81 , 9.36 , 4.16 , 8.47 , 0.22 , 0.0
M. J. , 1 , 30 , 15 , 45 , 1246 , 1535.86 , 11.41 , 65.71 , 5.19 , 3.61 , 0.0
M. J. , 1 , 5 , 0 , 5 , 232 , 0.0 , 0.0 , 0.0 , 0.0 , 0.0 , 0.0
Su.S. , 1 , 80 , 10 , 90 , 1659 , 1562.31 , 11.7 , 67.3 , 4.5 , 2.93 , 0.0
M. J. , 1 , 30 , 15 , 45 , 1730 , 821.15 , 5.36 , 42.47 , 0.0 , 0.89 , 0.0
M. J. , 1 , 25 , 40 , 65 , 2274 , 1559.96 , 3.41 , 39.49 , 22.01 , 1.14 , 0.44
M. J. , 1 , 10 , 70 , 80 , 1998 , 490.83 , 3.19 , 9.79 , 6.99 , 1.17 , 0.0
M. J. , 1 , 15 , 50 , 65 , 1785 , 780.86 , 8.46 , 19.57 , 7.16 , 0.76 , 0.11
M.J. , 1 , 10 , 30 , 40 , 976 , 706.22 , 6.87 , 20.51 , 5.25 , 0.61 , 0.0
Su.S. , 1 , 15 , 35 , 50 , 947 , 649.31 , 5.71 , 16.64 , 6.43 , 1.29 , 0.0
Kristina Turk , 1 , 30 , 10 , 40 , 1647 , 1385.95 , 6.77 , 21.29 , 24.33 , 0.99 , 0.08
Su.S. , 1 , 30 , 30 , 60 , 1238 , 652.24 , 8.13 , 10.4 , 8.65 , 1.57 , 0.0
M.J. , 1 , 35 , 50 , 85 , 1778 , 705.97 , 10.75 , 14.23 , 6.49 , 0.68 , 0.1
M.J. , 1 , 150 , 0 , 150 , 1362 , 1462.94 , 10.28 , 72.42 , 0.14 , 2.32 , 0.0
M. J. , 1 , 10 , 25 , 35 , 1073 , 1779.25 , 6.45 , 39.75 , 26.5 , 3.22 , 0.36
M. J. , 1 , 10 , 80 , 90 , 2120 , 274.64 , 5.83 , 2.49 , 3.01 , 0.33 , 0.03
Sanja Sirk , 1 , 10 , 25 , 35 , 1015 , 907.17 , 7.81 , 31.32 , 5.17 , 0.09 , 0.0
M. J. , 1 , 60 , 12 , 72 , 2964 , 1404.44 , 7.43 , 43.45 , 13.71 , 3.59 , 0.64
M. J. , 1 , 15 , 60 , 75 , 1360 , 385.43 , 3.2 , 13.84 , 2.16 , 1.24 , 0.16
M. J. , 1 , 5 , 30 , 35 , 1185 , 1041.1 , 14.16 , 18.7 , 12.08 , 0.78 , 0.26
Su.S. , 1 , 15 , 45 , 60 , 896 , 875.71 , 4.18 , 28.23 , 9.98 , 3.5 , 0.05
Sanja Sirk , 1 , 15 , 35 , 50 , 1444 , 1178.76 , 5.17 , 41.74 , 10.16 , 0.18 , 0.45
M.J. , 1 , 10 , 20 , 30 , 1138 , 304.72 , 1.76 , 5.12 , 4.8 , 1.44 , 0.0
Kristina Turk , 1 , 199 , 0 , 199 , 1721 , 967.01 , 8.94 , 25.82 , 9.77 , 1.14 , 0.08
M. J. , 1 , 20 , 80 , 100 , 824 , 454.13 , 4.02 , 13.01 , 3.8 , 1.77 , 0.0
Sanja Sirk , 1 , 5 , 35 , 40 , 1175 , 616.14 , 12.68 , 1.85 , 8.9 , 0.3 , 0.0
Su.S. , 1 , 30 , 10 , 40 , 1312 , 607.14 , 5.94 , 19.99 , 3.84 , 0.43 , 0.05
M. J. , 1 , 10 , 35 , 45 , 1287 , 1001.15 , 8.73 , 26.96 , 9.56 , 0.64 , 0.13
Sanja Sirk , 1 , 5 , 35 , 40 , 821 , 209.58 , 2.23 , 8.55 , 0.46 , 1.95 , 0.0
M. J. , 1 , 15 , 20 , 35 , 1119 , 1089.22 , 3.94 , 31.63 , 12.38 , 1.13 , 0.11
M. J. , 1 , 10 , 50 , 60 , 1152 , 1144.2 , 12.47 , 28.79 , 10.46 , 1.42 , 0.17
Su.s. , 1 , 50 , 20 , 70 , 819 , 2040.49 , 4.67 , 50.93 , 28.97 , 0.93 , 0.31
M.J. , 1 , 10 , 40 , 50 , 1041 , 281.5 , 1.37 , 10.35 , 1.89 , 1.84 , 0.0
Sanja Sirk , 1 , 100 , 15 , 115 , 736 , 1325.7 , 8.65 , 59.76 , 2.88 , 2.43 , 0.0
M.J. , 1 , 15 , 25 , 40 , 909 , 627.81 , 0.05 , 38.39 , 0.0 , 0.78 , 0.0
M. J. , 1 , 30 , 15 , 45 , 1286 , 432.46 , 1.21 , 24.06 , 0.0 , 1.36 , 0.0
Su.S. , 1 , 20 , 25 , 45 , 689 , 1307.25 , 7.14 , 41.42 , 13.6 , 1.24 , 0.14
Sanja Sirk , 1 , 10 , 35 , 45 , 1009 , 1184.41 , 8.64 , 47.25 , 4.89 , 1.33 , 0.24
S. M. , 1 , 15 , 30 , 45 , 951 , 867.59 , 11.53 , 20.6 , 7.52 , 1.33 , 0.43
Su.s. , 1 , 20 , 0 , 20 , 662 , 1204.74 , 8.66 , 24.44 , 15.77 , 2.22 , 1.11
M. J. , 1 , 100 , 30 , 130 , 1357 , 1833.89 , 8.86 , 54.19 , 19.03 , 2.32 , 0.15
Su.S. , 1 , 10 , 10 , 20 , 423 , 551.87 , 7.53 , 2.74 , 9.18 , 0.96 , 1.1
M. J. , 1 , 75 , 20 , 95 , 1170 , 304.89 , 3.89 , 1.37 , 5.03 , 0.15 , 0.61
Su.S. , 1 , 40 , 20 , 60 , 2069 , 969.64 , 5.93 , 22.36 , 12.11 , 0.49 , 0.62
Su.S. , 1 , 90 , 15 , 105 , 1409 , 1217.0 , 8.29 , 14.38 , 20.24 , 1.46 , 0.73
M. J. , 1 , 10 , 20 , 30 , 1073 , 909.89 , 9.79 , 20.62 , 9.7 , 1.37 , 0.0
Sanja Sirk , 1 , 60 , 50 , 110 , 1467 , 907.22 , 10.95 , 33.94 , 2.51 , 1.41 , 0.22
Sanja Sirk , 1 , 30 , 40 , 70 , 1254 , 885.54 , 6.58 , 32.24 , 5.15 , 2.36 , 0.08
Su.S. , 1 , 20 , 10 , 30 , 933 , 1257.12 , 7.38 , 38.15 , 12.66 , 3.52 , 0.18
M. J. , 1 , 15 , 90 , 105 , 871 , 600.82 , 11.92 , 6.8 , 6.35 , 0.9 , 0.0
M. J. , 1 , 30 , 3 , 33 , 1568 , 947.97 , 5.87 , 23.41 , 11.46 , 1.49 , 0.27
Kristina Turk , 1 , 40 , 15 , 55 , 1903 , 1217.17 , 8.78 , 25.29 , 17.07 , 0.91 , 0.49
M. J. , 1 , 30 , 10 , 40 , 1463 , 1387.67 , 5.21 , 46.47 , 12.02 , 0.0 , 0.8
Su.S. , 1 , 15 , 45 , 60 , 417 , 703.96 , 9.31 , 21.43 , 3.49 , 0.34 , 0.27
Sanja Sirk , 1 , 5 , 20 , 25 , 898 , 638.6 , 22.3 , 1.29 , 4.79 , 0.0 , 0.0
M.J. , 1 , 30 , 30 , 60 , 1636 , 1449.8 , 6.9 , 39.74 , 16.86 , 0.99 , 0.66
Sanja Sirk , 1 , 5 , 30 , 35 , 565 , 1416.41 , 4.78 , 61.37 , 6.54 , 0.25 , 0.0
M. J. , 1 , 10 , 30 , 40 , 1616 , 635.01 , 5.13 , 21.1 , 5.13 , 3.22 , 0.0
Sanja Sirk , 1 , 0 , 45 , 45 , 1252 , 1693.06 , 9.65 , 49.59 , 18.2 , 5.5 , 0.12
Su.S. , 1 , 10 , 40 , 50 , 786 , 883.2 , 9.58 , 23.09 , 7.92 , 1.2 , 0.33
Su.S. , 1 , 5 , 55 , 60 , 741 , 288.4 , 0.93 , 14.93 , 0.0 , 2.0 , 0.0
M. J. , 1 , 5 , 16 , 21 , 1082 , 916.34 , 18.07 , 0.0 , 15.18 , 0.0 , 0.0
Su.S. , 1 , 15 , 50 , 65 , 1233 , 521.7 , 5.14 , 11.45 , 5.78 , 1.87 , 0.11
M. J. , 1 , 15 , 40 , 55 , 932 , 1094.07 , 3.38 , 30.11 , 12.84 , 0.82 , 0.35
M. J. , 1 , 15 , 10 , 25 , 1045 , 857.01 , 15.06 , 0.93 , 14.87 , 0.0 , 0.0
Su.S. , 1 , 15 , 20 , 35 , 904 , 393.13 , 11.02 , 4.54 , 2.42 , 0.58 , 0.0
M.J. , 1 , 3 , 20 , 23 , 829 , 699.31 , 19.01 , 0.56 , 8.47 , 0.19 , 0.0
M.J. , 1 , 20 , 120 , 140 , 1485 , 752.58 , 10.07 , 5.86 , 11.88 , 0.66 , 0.08
Su.S. , 1 , 5 , 40 , 45 , 513 , 884.92 , 5.75 , 35.43 , 8.62 , 4.91 , 0.24
Sanja Sirk , 1 , 15 , 15 , 30 , 1271 , 1779.16 , 6.02 , 52.3 , 20.38 , 1.67 , 0.17
Sanja Sirk , 1 , 15 , 30 , 45 , 496 , 500.66 , 3.07 , 8.44 , 6.99 , 0.11 , 0.74
M. J. , 1 , 15 , 55 , 70 , 1510 , 802.03 , 12.79 , 11.73 , 9.6 , 0.65 , 0.04
Sanja Sirk , 1 , 40 , 20 , 60 , 1442 , 721.2 , 4.63 , 25.58 , 4.63 , 0.34 , 0.79
M.J. , 1 , 10 , 25 , 35 , 1289 , 950.31 , 5.71 , 23.88 , 11.42 , 1.3 , 0.52
Su.S. , 1 , 15 , 55 , 70 , 1493 , 443.55 , 4.2 , 11.16 , 4.2 , 1.59 , 0.05
M.J. , 1 , 10 , 5 , 15 , 706 , 909.85 , 10.42 , 28.38 , 5.21 , 1.74 , 0.58
M. J. , 1 , 15 , 75 , 90 , 1430 , 765.25 , 7.6 , 24.84 , 5.03 , 1.81 , 0.0
Su.S. , 1 , 20 , 20 , 40 , 834 , 1388.17 , 6.9 , 50.85 , 10.0 , 1.63 , 0.08
Sanja Sirk , 1 , 30 , 35 , 65 , 900 , 679.31 , 4.22 , 20.0 , 6.21 , 1.49 , 0.25
M. J. , 1 , 10 , 40 , 50 , 1197 , 310.83 , 5.18 , 8.91 , 1.2 , 1.25 , 2.88
M. J. , 1 , 150 , 0 , 150 , 1496 , 1242.1 , 3.53 , 24.32 , 20.47 , 1.03 , 0.06
M. J. , 1 , 10 , 65 , 75 , 1265 , 599.02 , 6.89 , 3.49 , 10.38 , 0.66 , 0.0
M.J. , 1 , 10 , 10 , 20 , 866 , 1191.23 , 11.38 , 29.78 , 12.12 , 0.32 , 0.11
M. J. , 1 , 10 , 10 , 20 , 1325 , 863.7 , 16.09 , 10.77 , 9.88 , 0.0 , 0.0
M.J. , 1 , 35 , 20 , 55 , 1162 , 995.92 , 8.18 , 38.14 , 3.65 , 0.88 , 0.25
M. J. , 1 , 30 , 50 , 80 , 2061 , 1043.2 , 3.21 , 32.33 , 11.04 , 1.02 , 0.16
Su. S. , 1 , 10 , 48 , 58 , 761 , 417.69 , 0.17 , 11.47 , 5.4 , 1.85 , 0.0
M. J. , 1 , 30 , 50 , 80 , 2180 , 1341.64 , 5.74 , 31.45 , 18.63 , 0.79 , 0.24
M.J. , 1 , 35 , 110 , 145 , 2004 , 646.89 , 7.6 , 8.97 , 9.12 , 1.19 , 0.03
Su.S. , 1 , 10 , 45 , 55 , 654 , 349.99 , 6.24 , 9.18 , 1.87 , 1.25 , 0.0
M. J. , 1 , 10 , 30 , 40 , 1506 , 531.49 , 10.52 , 2.74 , 7.68 , 0.37 , 0.0
M. J. , 1 , 20 , 85 , 105 , 1356 , 446.27 , 9.39 , 7.46 , 3.31 , 1.1 , 0.0
M. J. , 1 , 15 , 30 , 45 , 526 , 411.54 , 3.0 , 17.56 , 1.22 , 3.45 , 0.0
Su.S. , 1 , 165 , 15 , 180 , 1664 , 1530.97 , 10.06 , 51.01 , 12.12 , 2.06 , 0.36
M. J. , 1 , 15 , 60 , 75 , 2222 , 371.79 , 6.4 , 4.03 , 4.54 , 0.47 , 0.04
M. J. , 1 , 15 , 55 , 70 , 1737 , 268.74 , 1.08 , 5.49 , 3.6 , 1.89 , 0.0
Su. S. , 1 , 10 , 25 , 35 , 547 , 370.49 , 7.53 , 4.88 , 3.56 , 0.74 , 0.0
Su.S. , 1 , 10 , 60 , 70 , 648 , 364.43 , 9.72 , 7.11 , 1.53 , 0.72 , 0.0
M. J. , 1 , 40 , 60 , 100 , 1820 , 506.43 , 5.28 , 15.12 , 3.44 , 1.76 , 0.16
Su.S. , 1 , 5 , 20 , 25 , 614 , 827.76 , 11.44 , 6.08 , 13.52 , 0.8 , 0.0
M. J. , 1 , 15 , 12 , 27 , 1081 , 915.46 , 7.16 , 30.23 , 6.63 , 0.0 , 0.53
Sanja Sirk , 1 , 10 , 50 , 60 , 960 , 809.35 , 6.71 , 3.65 , 16.03 , 0.82 , 0.15
S. M. , 1 , 50 , 20 , 70 , 988 , 1426.79 , 7.47 , 42.31 , 13.07 , 1.04 , 0.62
M. J. , 1 , 5 , 75 , 80 , 1431 , 744.79 , 10.41 , 28.65 , 1.99 , 6.43 , 0.0
Su. S. , 1 , 60 , 12 , 72 , 1355 , 1507.45 , 10.15 , 53.37 , 9.15 , 2.13 , 0.38
M. J. , 1 , 10 , 40 , 50 , 1722 , 603.58 , 12.08 , 3.28 , 8.28 , 0.35 , 0.0
M. J. , 1 , 20 , 35 , 55 , 941 , 911.36 , 8.38 , 27.89 , 6.77 , 1.77 , 0.32
M. J. , 1 , 5 , 120 , 125 , 947 , 733.33 , 15.34 , 6.17 , 9.12 , 0.9 , 0.0
Su.S. , 1 , 30 , 40 , 70 , 1420 , 1301.39 , 7.32 , 45.72 , 9.6 , 0.51 , 0.76
M. J. , 1 , 45 , 15 , 60 , 2112 , 1505.53 , 8.6 , 49.84 , 12.89 , 2.97 , 0.2
M. J. , 1 , 10 , 25 , 35 , 1294 , 1019.85 , 10.2 , 14.8 , 13.82 , 0.33 , 1.32
Su.S. , 1 , 10 , 30 , 40 , 967 , 568.02 , 9.36 , 6.48 , 7.2 , 0.8 , 0.08
M. J. , 1 , 10 , 55 , 65 , 1311 , 523.08 , 6.89 , 9.17 , 6.11 , 1.17 , 0.0
Sanja Sirk , 1 , 2 , 20 , 22 , 1135 , 585.93 , 6.33 , 11.67 , 7.03 , 1.41 , 0.0
M.J. , 1 , 15 , 30 , 45 , 1483 , 1693.47 , 7.75 , 27.73 , 28.98 , 1.75 , 0.5
M.J. , 1 , 60 , 80 , 140 , 2022 , 784.0 , 8.31 , 20.36 , 6.96 , 1.61 , 0.33
M.J. , 1 , 12 , 40 , 52 , 670 , 435.47 , 5.69 , 4.0 , 6.32 , 1.33 , 0.18
Kristina Turk , 1 , 40 , 25 , 65 , 1567 , 1724.73 , 6.8 , 51.59 , 18.53 , 3.24 , 0.31
M. J. , 1 , 15 , 35 , 50 , 1380 , 516.01 , 8.85 , 9.34 , 4.33 , 0.74 , 0.06
M. J. , 1 , 60 , 45 , 105 , 2825 , 1097.71 , 4.09 , 21.69 , 16.89 , 0.79 , 0.55
Sanja Sirk , 1 , 10 , 30 , 40 , 1004 , 637.68 , 1.41 , 13.25 , 9.84 , 1.2 , 0.0
Su.S. , 1 , 15 , 30 , 45 , 713 , 861.82 , 12.26 , 10.75 , 11.29 , 0.32 , 0.54
Kristina Turk , 1 , 120 , 30 , 150 , 2707 , 1675.36 , 7.97 , 56.28 , 14.77 , 2.96 , 0.38
M.J. , 1 , 10 , 27 , 37 , 940 , 378.07 , 2.28 , 9.98 , 3.89 , 1.39 , 0.0
M. J. , 1 , 15 , 155 , 170 , 1677 , 579.19 , 8.26 , 3.81 , 9.17 , 0.55 , 0.46
M. J. , 1 , 10 , 10 , 20 , 964 , 862.82 , 10.67 , 13.56 , 10.22 , 0.67 , 0.67
M. J. , 1 , 10 , 55 , 65 , 954 , 1247.21 , 7.33 , 27.62 , 16.7 , 0.33 , 0.41
M. J. , 1 , 10 , 40 , 50 , 1423 , 407.86 , 4.99 , 8.16 , 4.32 , 1.44 , 0.48
Su.S. , 1 , 15 , 35 , 50 , 770 , 1118.05 , 7.42 , 30.19 , 11.89 , 0.36 , 0.22
M.J. , 1 , 15 , 65 , 80 , 939 , 674.13 , 4.91 , 20.21 , 6.14 , 0.98 , 0.86
M. J. , 1 , 15 , 60 , 75 , 1148 , 525.38 , 5.1 , 10.64 , 6.37 , 1.34 , 0.0
M. J. , 1 , 10 , 20 , 30 , 1602 , 1073.07 , 6.99 , 41.09 , 6.04 , 1.42 , 0.47
Su.S. , 1 , 40 , 20 , 60 , 1100 , 873.24 , 9.35 , 26.53 , 6.46 , 1.27 , 0.25
Su.S. , 1 , 90 , 45 , 135 , 982 , 1679.0 , 12.17 , 59.69 , 12.86 , 5.05 , 0.0
Sanja Sirk , 1 , 20 , 20 , 40 , 901 , 822.49 , 6.47 , 21.97 , 8.01 , 0.72 , 0.72
M.J. , 1 , 5 , 20 , 25 , 953 , 1597.33 , 10.02 , 55.26 , 12.66 , 3.3 , 0.44
M. J. , 1 , 10 , 60 , 70 , 1546 , 680.53 , 13.3 , 2.92 , 9.79 , 0.45 , 0.0
M. J. , 1 , 20 , 5 , 25 , 1262 , 1976.48 , 4.45 , 58.98 , 23.37 , 4.45 , 0.56
M.J. , 1 , 90 , 0 , 90 , 923 , 1621.84 , 10.37 , 69.91 , 5.54 , 2.68 , 0.0
M.J. , 1 , 10 , 45 , 55 , 892 , 767.64 , 9.86 , 17.6 , 6.76 , 1.69 , 0.56
M.J. , 1 , 10 , 45 , 55 , 892 , 767.64 , 9.86 , 17.6 , 6.76 , 1.69 , 0.56
Su.S. , 1 , 5 , 20 , 25 , 582 , 826.42 , 18.65 , 0.0 , 12.5 , 0.0 , 0.0
M. J. , 1 , 15 , 30 , 45 , 2212 , 971.15 , 8.97 , 39.77 , 3.07 , 2.72 , 0.57
M. J. , 1 , 39 , 15 , 54 , 1521 , 1260.05 , 6.64 , 41.44 , 12.07 , 0.8 , 0.4
Su.S. , 1 , 15 , 7 , 22 , 759 , 1501.26 , 16.02 , 54.92 , 7.78 , 0.0 , 1.37
Su.S. , 1 , 10 , 20 , 30 , 788 , 954.79 , 15.18 , 6.96 , 14.95 , 0.68 , 0.57
Sanja Sirk , 1 , 20 , 35 , 55 , 1218 , 1550.93 , 5.91 , 37.28 , 22.51 , 1.83 , 0.1
Sanja Sirk , 1 , 40 , 300 , 340 , 1467 , 943.7 , 13.44 , 8.63 , 14.18 , 0.2 , 0.13
Sanja Sirk , 1 , 40 , 35 , 75 , 1714 , 1129.97 , 8.14 , 24.31 , 14.43 , 0.22 , 0.98
Sanja Sirk , 1 , 15 , 180 , 195 , 1002 , 697.39 , 14.72 , 1.38 , 10.32 , 0.17 , 0.0
Sanja Sirk , 1 , 100 , 25 , 125 , 928 , 1444.11 , 11.11 , 52.72 , 7.8 , 1.89 , 0.24
M. J. , 1 , 60 , 25 , 85 , 2141 , 2129.4 , 5.51 , 51.58 , 30.14 , 3.8 , 0.12
M. J. , 1 , 10 , 15 , 25 , 1484 , 804.04 , 16.67 , 0.17 , 12.33 , 0.0 , 2.5
M. J. , 1 , 5 , 10 , 15 , 672 , 1466.91 , 0.0 , 89.64 , 0.0 , 7.97 , 0.0
Kristina Turk , 1 , 60 , 20 , 80 , 1743 , 1105.08 , 2.91 , 35.97 , 11.44 , 2.18 , 0.0
M. J. , 1 , 30 , 10 , 40 , 1587 , 1259.38 , 4.86 , 32.35 , 16.18 , 3.16 , 0.0
M. J. , 1 , 5 , 15 , 20 , 835 , 491.79 , 6.69 , 10.24 , 4.64 , 1.37 , 0.0
Su.S. , 1 , 30 , 50 , 80 , 1403 , 1184.91 , 7.24 , 40.6 , 9.3 , 1.79 , 0.72
Su.S. , 1 , 10 , 25 , 35 , 683 , 1419.0 , 7.45 , 33.62 , 18.3 , 0.64 , 0.21
M. J. , 1 , 5 , 120 , 125 , 1313 , 465.97 , 8.74 , 2.35 , 6.67 , 1.03 , 0.0
M. J. , 1 , 30 , 65 , 95 , 1454 , 1600.25 , 4.51 , 56.82 , 15.91 , 2.45 , 0.24
M.J. , 1 , 20 , 0 , 20 , 747 , 1144.45 , 6.3 , 35.1 , 11.46 , 0.99 , 0.0
Sanja Sirk , 1 , 90 , 50 , 140 , 1445 , 837.85 , 9.31 , 28.84 , 4.06 , 0.75 , 0.23
M. J. , 1 , 15 , 105 , 120 , 1560 , 700.69 , 9.6 , 2.9 , 11.92 , 0.84 , 0.58
M. J. , 1 , 60 , 0 , 60 , 1194 , 1509.84 , 6.67 , 35.55 , 20.67 , 1.11 , 0.0
M. J. , 1 , 20 , 35 , 55 , 1858 , 1765.02 , 8.19 , 27.81 , 31.06 , 4.64 , 0.77
M. J. , 1 , 140 , 15 , 155 , 2180 , 1209.59 , 3.35 , 29.92 , 16.63 , 2.75 , 0.36
M. J. , 1 , 80 , 15 , 95 , 918 , 1964.51 , 5.69 , 50.34 , 26.65 , 1.54 , 0.24
M.J. , 1 , 40 , 35 , 75 , 1890 , 1163.49 , 7.93 , 38.56 , 9.75 , 1.5 , 0.43
Su.S. , 1 , 30 , 8 , 38 , 1020 , 1616.66 , 1.4 , 59.43 , 15.78 , 0.0 , 0.43
Su. S. , 1 , 15 , 25 , 40 , 682 , 449.32 , 3.19 , 7.83 , 7.1 , 2.61 , 0.0
M. J. , 1 , 5 , 15 , 20 , 1225 , 1507.83 , 11.28 , 31.03 , 21.03 , 0.77 , 0.0
M. J. , 1 , 10 , 20 , 30 , 1312 , 488.27 , 12.94 , 2.12 , 5.26 , 0.2 , 0.0
Sanja Sirk , 1 , 60 , 15 , 75 , 773 , 2199.78 , 6.86 , 41.33 , 37.41 , 1.96 , 0.2
M. J. , 1 , 10 , 70 , 80 , 1549 , 683.04 , 6.06 , 9.22 , 10.67 , 1.29 , 0.05
M.J. , 1 , 30 , 15 , 45 , 1436 , 514.97 , 4.3 , 12.33 , 5.52 , 0.29 , 0.93
M.J. , 1 , 35 , 40 , 75 , 1307 , 1308.42 , 5.32 , 62.74 , 4.2 , 0.97 , 0.37
B. J. , 1 , 90 , 25 , 115 , 1896 , 1564.86 , 9.45 , 58.74 , 9.72 , 2.28 , 0.14
M. J. , 1 , 30 , 45 , 75 , 1415 , 905.71 , 9.17 , 21.6 , 8.73 , 0.59 , 0.22
M.J. , 1 , 15 , 75 , 90 , 1068 , 591.58 , 9.49 , 2.86 , 9.23 , 1.14 , 0.18
Tjaša Ribič , 1 , 15 , 60 , 75 , 769 , 905.96 , 10.68 , 30.63 , 5.01 , 10.85 , 0.0
Su.S. , 1 , 20 , 20 , 40 , 964 , 1339.59 , 6.95 , 51.07 , 8.59 , 1.41 , 0.06
Su.S. , 1 , 165 , 12 , 177 , 971 , 1502.85 , 6.02 , 59.84 , 11.54 , 3.82 , 0.24
M. J. , 1 , 10 , 10 , 20 , 1481 , 1589.0 , 2.23 , 52.3 , 16.9 , 0.0 , 0.64
M. J. , 1 , 5 , 45 , 50 , 933 , 413.96 , 4.17 , 4.3 , 6.77 , 1.56 , 0.0
Sanja Sirk , 1 , 20 , 25 , 45 , 1366 , 363.34 , 1.52 , 17.41 , 0.71 , 0.11 , 0.15
M. J. , 1 , 15 , 65 , 80 , 1062 , 431.29 , 4.3 , 7.9 , 5.26 , 1.09 , 0.04
M. J. , 1 , 25 , 0 , 25 , 815 , 262.09 , 0.59 , 7.73 , 2.38 , 0.79 , 0.0
M. J. , 1 , 5 , 15 , 20 , 1376 , 1164.57 , 10.02 , 33.51 , 9.61 , 0.82 , 0.82
M. J. , 1 , 20 , 15 , 35 , 1198 , 1320.18 , 5.78 , 45.71 , 14.84 , 4.33 , 0.26
M. J. , 1 , 75 , 25 , 100 , 1028 , 1745.56 , 6.21 , 47.42 , 23.11 , 1.35 , 0.37
Su.S. , 1 , 30 , 10 , 40 , 948 , 1745.94 , 6.29 , 47.5 , 21.34 , 0.9 , 0.45
Su.S. , 1 , 10 , 40 , 50 , 632 , 607.27 , 3.7 , 23.56 , 3.22 , 1.92 , 0.07
Sanja Sirk , 1 , 10 , 80 , 90 , 1334 , 562.66 , 12.1 , 9.75 , 3.94 , 0.44 , 0.11
M. J. , 1 , 30 , 14 , 44 , 1259 , 1655.11 , 6.08 , 54.51 , 16.02 , 0.92 , 0.37
M. J. , 1 , 5 , 40 , 45 , 1354 , 651.37 , 14.59 , 2.9 , 8.44 , 0.09 , 0.0
M. J. , 1 , 10 , 35 , 45 , 742 , 423.3 , 0.98 , 19.53 , 1.95 , 2.93 , 0.0
M. J. , 1 , 5 , 25 , 30 , 1264 , 906.67 , 11.43 , 21.58 , 8.11 , 0.78 , 0.2
M. J. , 1 , 15 , 25 , 40 , 1168 , 680.65 , 6.86 , 22.79 , 4.54 , 3.23 , 0.2
M. J. , 1 , 10 , 50 , 60 , 1262 , 633.37 , 4.75 , 21.87 , 4.36 , 1.73 , 0.77
M. J. , 1 , 15 , 15 , 30 , 1951 , 803.54 , 9.8 , 6.47 , 13.13 , 0.28 , 0.09
Su.S. , 1 , 30 , 30 , 60 , 1392 , 1036.13 , 4.74 , 33.63 , 9.75 , 0.53 , 0.49
Su. S. , 1 , 20 , 0 , 20 , 839 , 1490.84 , 10.7 , 69.13 , 1.92 , 2.08 , 0.0
Kristina Turk , 1 , 110 , 50 , 160 , 2109 , 1655.69 , 7.43 , 60.96 , 12.65 , 2.1 , 0.27
M. J. , 1 , 10 , 60 , 70 , 1090 , 1773.64 , 7.68 , 41.63 , 25.01 , 1.52 , 0.54
M.J. , 1 , 15 , 70 , 85 , 1416 , 272.67 , 2.67 , 8.9 , 1.98 , 1.69 , 0.0
M.J. , 1 , 15 , 80 , 95 , 1480 , 705.59 , 7.96 , 6.81 , 11.37 , 0.78 , 0.98
M. J. , 1 , 15 , 50 , 65 , 1374 , 748.48 , 8.26 , 22.98 , 4.99 , 0.62 , 0.39
M. J. , 1 , 5 , 10 , 15 , 1238 , 390.58 , 1.29 , 13.83 , 3.43 , 1.07 , 0.0
Su.S. , 1 , 20 , 40 , 60 , 859 , 621.03 , 9.54 , 11.45 , 6.46 , 0.0 , 0.0
Darinka Brožič , 1 , 40 , 30 , 70 , 1172 , 1624.31 , 9.56 , 55.34 , 13.5 , 2.59 , 0.11
T.D. , 1 , 15 , 45 , 60 , 799 , 221.79 , 0.77 , 8.57 , 1.76 , 1.83 , 0.0
Sanja Sirk , 1 , 40 , 10 , 50 , 1162 , 1826.86 , 6.32 , 38.95 , 27.16 , 0.84 , 0.42
M.J. , 1 , 10 , 80 , 90 , 1148 , 1412.69 , 8.98 , 2.2 , 31.71 , 0.33 , 0.0
M. J. , 1 , 25 , 15 , 40 , 1083 , 1371.43 , 9.26 , 26.54 , 18.52 , 0.62 , 0.62
Su. S. , 1 , 20 , 30 , 50 , 970 , 683.37 , 14.15 , 7.12 , 7.41 , 0.38 , 0.1
M. J. , 1 , 60 , 40 , 100 , 1850 , 1497.62 , 10.91 , 71.39 , 0.99 , 1.98 , 0.0
M. J. , 1 , 15 , 45 , 60 , 1020 , 1338.88 , 7.73 , 29.36 , 18.37 , 0.52 , 1.03
M.J. , 1 , 75 , 15 , 90 , 798 , 391.37 , 1.05 , 18.73 , 1.99 , 1.22 , 0.0
M. J. , 1 , 10 , 20 , 30 , 934 , 1313.61 , 11.82 , 33.97 , 13.53 , 2.21 , 0.07
M.J. , 1 , 5 , 30 , 35 , 676 , 672.75 , 9.42 , 3.3 , 11.26 , 0.73 , 0.61
Sanja Sirk , 1 , 60 , 15 , 75 , 1691 , 1038.85 , 6.63 , 27.51 , 11.74 , 0.69 , 0.61
M. J. , 1 , 160 , 25 , 185 , 1386 , 2233.92 , 8.82 , 42.16 , 38.04 , 4.9 , 0.2
M. J. , 1 , 15 , 50 , 65 , 1485 , 786.38 , 7.57 , 27.37 , 4.9 , 5.86 , 0.07
Su.S. , 1 , 10 , 20 , 30 , 739 , 610.53 , 13.69 , 2.82 , 7.84 , 0.21 , 0.0
M. J. , 1 , 10 , 40 , 50 , 1078 , 180.83 , 0.97 , 6.26 , 1.76 , 0.09 , 0.0
M. J. , 1 , 75 , 35 , 110 , 2150 , 1731.92 , 7.15 , 57.19 , 16.28 , 1.21 , 0.22
M. J. , 1 , 41 , 30 , 71 , 2240 , 1792.68 , 8.08 , 51.24 , 21.76 , 2.22 , 0.09
Sanja Sirk , 1 , 90 , 40 , 130 , 1596 , 1400.8 , 7.48 , 50.05 , 10.85 , 1.45 , 0.24
Su. S. , 1 , 20 , 10 , 30 , 802 , 1150.77 , 4.37 , 30.33 , 13.37 , 2.57 , 0.51
M.J. , 1 , 10 , 40 , 50 , 877 , 499.78 , 1.68 , 9.78 , 7.83 , 1.74 , 0.11
M.J. , 1 , 40 , 60 , 100 , 1687 , 528.61 , 5.76 , 5.63 , 8.35 , 0.98 , 0.04
Su. S. , 1 , 20 , 40 , 60 , 1055 , 722.83 , 5.09 , 16.08 , 10.23 , 1.02 , 0.0
M.J. , 1 , 120 , 15 , 135 , 2276 , 1727.57 , 10.67 , 48.4 , 19.15 , 2.95 , 0.29
K.I. , 1 , 20 , 60 , 80 , 1461 , 947.93 , 13.59 , 5.75 , 15.4 , 0.34 , 0.51
Su.S. , 1 , 25 , 20 , 45 , 937 , 802.11 , 5.68 , 31.11 , 4.26 , 1.29 , 0.0
Sanja Sirk , 1 , 25 , 40 , 65 , 1061 , 774.12 , 8.49 , 20.0 , 6.62 , 0.36 , 0.29
M. J. , 1 , 5 , 45 , 50 , 837 , 705.0 , 13.88 , 0.86 , 10.32 , 0.25 , 1.35
M. J. , 1 , 5 , 35 , 40 , 1375 , 510.99 , 2.61 , 19.12 , 3.19 , 1.74 , 0.0
M. J. , 1 , 15 , 40 , 55 , 1578 , 683.83 , 8.92 , 11.97 , 7.4 , 0.33 , 0.22
M. J. , 1 , 15 , 20 , 35 , 1004 , 1523.73 , 8.4 , 45.01 , 15.21 , 1.11 , 0.48
M.J. , 1 , 30 , 30 , 60 , 782 , 891.19 , 2.0 , 45.0 , 2.0 , 8.0 , 0.0
Su.S. , 1 , 15 , 45 , 60 , 595 , 929.22 , 8.55 , 35.23 , 4.16 , 0.77 , 0.38
M.J. , 1 , 20 , 100 , 120 , 1573 , 697.22 , 10.5 , 25.86 , 1.64 , 5.04 , 0.0
M. J. , 1 , 20 , 30 , 50 , 1224 , 952.82 , 4.64 , 42.06 , 3.95 , 1.03 , 0.0
Kristina Turk , 1 , 290 , 0 , 290 , 1375 , 1794.06 , 5.66 , 32.21 , 30.56 , 2.24 , 0.06
Su.S. , 1 , 15 , 40 , 55 , 799 , 639.94 , 6.07 , 24.56 , 2.6 , 1.44 , 0.39
Sanja Sirk , 1 , 25 , 10 , 35 , 924 , 1697.41 , 9.31 , 52.76 , 23.1 , 20.69 , 0.0
M.J. , 1 , 15 , 60 , 75 , 1202 , 792.99 , 7.08 , 24.98 , 6.79 , 5.51 , 0.0
M. J. , 1 , 15 , 40 , 55 , 859 , 443.59 , 2.5 , 12.35 , 4.41 , 0.51 , 0.15
M. J. , 1 , 15 , 45 , 60 , 1576 , 1431.51 , 11.98 , 70.4 , 1.28 , 7.28 , 0.0
M. J. , 1 , 25 , 5 , 30 , 1151 , 783.16 , 2.9 , 20.11 , 10.99 , 4.35 , 0.0
M. J. , 1 , 15 , 55 , 70 , 1838 , 418.36 , 1.05 , 10.84 , 5.24 , 1.22 , 0.7
Sanja Sirk , 1 , 20 , 35 , 55 , 1196 , 433.09 , 3.08 , 19.17 , 1.36 , 0.7 , 0.0
M.J. , 1 , 5 , 30 , 35 , 992 , 476.98 , 14.71 , 6.14 , 2.43 , 0.29 , 0.0
M.J. , 1 , 12 , 35 , 47 , 912 , 287.19 , 1.07 , 6.24 , 4.19 , 2.05 , 0.0
M. J. , 1 , 15 , 45 , 60 , 1126 , 657.1 , 9.84 , 5.8 , 9.67 , 0.51 , 0.11
M.J. , 1 , 50 , 40 , 90 , 1583 , 1472.81 , 5.61 , 49.32 , 13.73 , 0.59 , 0.44
Sanja Sirk , 1 , 15 , 60 , 75 , 1202 , 1006.71 , 7.87 , 31.0 , 8.43 , 0.28 , 0.42
M.J. , 1 , 70 , 30 , 100 , 1712 , 1615.15 , 9.61 , 52.4 , 13.97 , 2.56 , 0.26
M. J. , 1 , 5 , 0 , 5 , 641 , 816.21 , 1.26 , 4.29 , 17.67 , 0.0 , 0.0
Su. S. , 1 , 10 , 15 , 25 , 627 , 531.83 , 10.38 , 1.75 , 7.26 , 0.25 , 0.0
Tjaša Ribič , 1 , 10 , 7 , 17 , 587 , 530.57 , 4.72 , 24.77 , 4.13 , 5.31 , 0.0
Su.S. , 1 , 20 , 40 , 60 , 870 , 288.7 , 1.0 , 15.0 , 0.0 , 2.0 , 0.0
M. J. , 1 , 10 , 15 , 25 , 1298 , 1007.59 , 16.49 , 4.23 , 16.21 , 0.14 , 0.0
M. J. , 1 , 10 , 100 , 110 , 1162 , 743.83 , 13.39 , 15.98 , 6.39 , 0.15 , 0.0
Su.S. , 1 , 10 , 30 , 40 , 1036 , 1022.95 , 8.21 , 19.55 , 14.0 , 0.64 , 0.16
M. J. , 1 , 13 , 50 , 63 , 1916 , 1372.31 , 4.9 , 32.58 , 19.67 , 1.87 , 0.47
M. J. , 1 , 30 , 30 , 60 , 1934 , 538.06 , 1.46 , 16.14 , 6.25 , 0.94 , 0.0
M. J. , 1 , 10 , 20 , 30 , 730 , 464.21 , 5.7 , 14.57 , 2.88 , 3.27 , 0.0
M. J. , 1 , 15 , 30 , 45 , 1239 , 1557.16 , 4.98 , 54.52 , 14.85 , 0.52 , 0.31
M. J. , 1 , 10 , 20 , 30 , 1528 , 484.47 , 10.29 , 2.6 , 6.56 , 1.02 , 0.0
M. J. , 1 , 5 , 135 , 140 , 1345 , 1099.56 , 15.46 , 40.64 , 3.86 , 9.97 , 0.0
Su.S. , 1 , 30 , 30 , 60 , 763 , 451.37 , 7.02 , 4.3 , 5.96 , 1.26 , 0.13
M.J. , 1 , 25 , 90 , 115 , 1796 , 794.42 , 1.86 , 41.32 , 2.21 , 1.42 , 0.0
Su.S. , 1 , 30 , 12 , 42 , 1159 , 1085.92 , 9.45 , 13.83 , 18.3 , 0.77 , 0.77
M. J. , 1 , 25 , 0 , 25 , 637 , 1568.67 , 10.18 , 68.65 , 4.53 , 1.89 , 0.0
Su.S. , 1 , 10 , 110 , 120 , 760 , 675.84 , 10.83 , 4.75 , 10.29 , 0.66 , 0.0
Kristina Turk , 1 , 30 , 25 , 55 , 1783 , 1702.26 , 6.53 , 34.56 , 26.57 , 2.61 , 0.44
M. J. , 1 , 15 , 30 , 45 , 865 , 891.53 , 12.44 , 15.24 , 10.16 , 2.03 , 1.02
M.J. , 1 , 10 , 25 , 35 , 912 , 346.52 , 1.21 , 15.16 , 1.61 , 1.94 , 0.0
M. J. , 1 , 5 , 40 , 45 , 1680 , 656.68 , 6.16 , 23.04 , 3.6 , 1.52 , 0.0
M.J. , 1 , 15 , 40 , 55 , 1062 , 883.2 , 3.25 , 27.42 , 9.27 , 0.79 , 0.16
M.J. , 1 , 50 , 45 , 95 , 1517 , 962.36 , 3.08 , 27.99 , 10.94 , 0.46 , 0.23
M. J. , 1 , 10 , 15 , 25 , 785 , 571.41 , 8.73 , 15.51 , 3.32 , 1.52 , 0.55
M.J. , 1 , 15 , 45 , 60 , 697 , 108.78 , 1.0 , 6.0 , 0.0 , 0.0 , 0.0
Sanja Sirk , 1 , 60 , 30 , 90 , 1205 , 1119.05 , 16.52 , 28.43 , 8.15 , 1.42 , 0.07
Sanja Sirk , 1 , 5 , 30 , 35 , 890 , 828.64 , 9.12 , 13.42 , 11.21 , 2.48 , 0.0
M. J. , 1 , 60 , 15 , 75 , 1470 , 1765.94 , 5.98 , 53.79 , 19.0 , 1.23 , 0.31
Su.S. , 1 , 10 , 75 , 85 , 532 , 592.45 , 15.81 , 5.66 , 5.08 , 0.29 , 0.0
M. J. , 1 , 30 , 50 , 80 , 2018 , 1788.62 , 9.49 , 27.25 , 31.69 , 3.22 , 0.61
K.I. , 1 , 5 , 25 , 30 , 607 , 1670.5 , 5.2 , 69.89 , 8.92 , 0.74 , 0.0
M.J. , 1 , 10 , 60 , 70 , 1211 , 495.97 , 6.34 , 5.3 , 7.34 , 0.78 , 0.04
Tjaša Ribič , 1 , 15 , 37 , 52 , 1141 , 1738.83 , 4.81 , 35.21 , 28.96 , 4.33 , 0.24
M.J. , 1 , 10 , 40 , 50 , 1245 , 777.93 , 16.41 , 0.99 , 11.36 , 0.09 , 0.0
Su.S. , 1 , 20 , 70 , 90 , 1235 , 1150.81 , 5.29 , 20.26 , 18.78 , 0.55 , 0.23
Sanja Sirk , 1 , 15 , 45 , 60 , 1343 , 1237.04 , 4.43 , 21.14 , 21.22 , 0.38 , 0.69
Sanja Sirk , 1 , 50 , 15 , 65 , 863 , 1487.16 , 12.9 , 69.05 , 1.27 , 3.63 , 0.0
M.J. , 1 , 45 , 50 , 95 , 1588 , 857.89 , 2.35 , 29.34 , 8.29 , 1.51 , 0.11
M. J. , 1 , 15 , 55 , 70 , 1592 , 494.88 , 7.67 , 4.15 , 7.22 , 0.27 , 0.0
M. J. , 1 , 30 , 100 , 130 , 1435 , 610.86 , 6.78 , 9.09 , 8.72 , 0.26 , 0.05
M. J. , 1 , 45 , 35 , 80 , 1697 , 763.45 , 6.7 , 24.22 , 5.22 , 1.38 , 0.39
M. J. , 1 , 15 , 30 , 45 , 926 , 612.08 , 5.7 , 23.82 , 2.24 , 2.57 , 0.22
M.J. , 1 , 20 , 20 , 40 , 1606 , 816.3 , 11.11 , 10.46 , 10.68 , 0.54 , 0.22
Sanja Sirk , 1 , 40 , 20 , 60 , 1568 , 679.61 , 5.97 , 28.84 , 1.49 , 1.16 , 0.17
M. J. , 1 , 12 , 40 , 52 , 1119 , 675.88 , 6.79 , 21.08 , 4.2 , 0.7 , 0.0
Su. S. , 1 , 30 , 30 , 60 , 1008 , 693.83 , 12.91 , 4.92 , 9.47 , 0.37 , 0.0
Su.S. , 1 , 20 , 20 , 40 , 996 , 677.01 , 10.01 , 10.13 , 8.22 , 1.22 , 0.0
M. J. , 1 , 30 , 0 , 30 , 829 , 572.29 , 2.63 , 3.41 , 11.9 , 0.59 , 0.29
M. J. , 1 , 15 , 53 , 68 , 1484 , 244.14 , 1.63 , 10.23 , 0.44 , 1.26 , 0.0
Kristina Turk , 1 , 45 , 30 , 75 , 1729 , 630.91 , 10.57 , 18.66 , 2.67 , 0.48 , 0.38
Su.S. , 1 , 15 , 170 , 185 , 835 , 636.26 , 9.37 , 4.74 , 9.52 , 1.37 , 0.53
Tjaša Ribič , 1 , 15 , 30 , 45 , 660 , 1842.26 , 10.48 , 56.39 , 22.96 , 8.5 , 0.0
M. J. , 1 , 35 , 15 , 50 , 858 , 373.76 , 4.64 , 9.78 , 2.69 , 1.34 , 0.12
Su.S. , 1 , 10 , 60 , 70 , 490 , 943.16 , 12.17 , 12.31 , 13.5 , 1.54 , 0.0
Sanja Sirk , 1 , 15 , 45 , 60 , 1264 , 779.1 , 9.87 , 20.12 , 5.87 , 0.32 , 0.39
Tjaša Ribič , 1 , 15 , 0 , 15 , 584 , 444.26 , 7.44 , 11.24 , 2.67 , 2.67 , 0.0
M.J. , 1 , 10 , 35 , 45 , 1006 , 468.02 , 1.8 , 19.59 , 1.89 , 1.04 , 0.0
M. J. , 1 , 20 , 30 , 50 , 1029 , 452.46 , 5.12 , 6.13 , 6.6 , 1.48 , 0.0
M. J. , 1 , 10 , 55 , 65 , 1295 , 484.09 , 7.19 , 10.32 , 4.28 , 0.16 , 0.0
M. J. , 1 , 10 , 0 , 10 , 1503 , 650.86 , 0.0 , 22.22 , 0.0 , 7.41 , 0.0
Su.S. , 1 , 30 , 0 , 30 , 974 , 1658.41 , 4.57 , 46.64 , 20.93 , 0.85 , 0.0
M.J. , 1 , 15 , 40 , 55 , 1291 , 190.25 , 0.78 , 6.26 , 1.79 , 2.15 , 0.0
M.J. , 1 , 15 , 45 , 60 , 1781 , 536.43 , 9.16 , 6.78 , 6.08 , 0.53 , 0.09
M. J. , 1 , 90 , 65 , 155 , 2492 , 1126.92 , 2.58 , 33.7 , 13.25 , 1.38 , 0.12
Sanja Sirk , 1 , 30 , 0 , 30 , 1013 , 1470.76 , 7.27 , 24.83 , 24.2 , 1.0 , 0.25
Su.S. , 1 , 10 , 20 , 30 , 906 , 763.96 , 7.26 , 16.78 , 9.15 , 4.98 , 0.13
Su.S. , 1 , 10 , 25 , 35 , 700 , 524.09 , 13.47 , 3.37 , 5.32 , 0.54 , 0.0
M. J. , 1 , 45 , 50 , 95 , 2460 , 629.73 , 6.41 , 14.45 , 6.86 , 1.86 , 0.06
M. J. , 1 , 10 , 50 , 60 , 1475 , 404.55 , 5.76 , 2.96 , 6.26 , 0.67 , 0.11
M. J. , 1 , 10 , 50 , 60 , 1294 , 902.74 , 6.59 , 20.24 , 11.76 , 4.24 , 0.0
Kristina Turk , 1 , 40 , 10 , 50 , 1852 , 1435.49 , 9.27 , 38.54 , 16.03 , 2.99 , 0.77
M. J. , 1 , 10 , 55 , 65 , 1074 , 1182.31 , 6.86 , 43.64 , 8.03 , 1.46 , 0.29
Su.S. , 1 , 30 , 50 , 80 , 1260 , 1565.9 , 5.77 , 52.43 , 14.78 , 1.15 , 0.46
M. J. , 1 , 45 , 30 , 75 , 1235 , 597.52 , 11.42 , 0.0 , 8.57 , 0.0 , 1.43
M. J. , 1 , 10 , 20 , 30 , 789 , 700.78 , 2.18 , 18.85 , 10.15 , 1.69 , 0.0
Sanja Sirk , 1 , 10 , 20 , 30 , 1285 , 775.42 , 5.33 , 28.1 , 4.53 , 1.17 , 0.07
Su.S. , 1 , 15 , 15 , 30 , 876 , 426.39 , 6.26 , 7.57 , 4.55 , 1.71 , 0.0
M. J. , 1 , 15 , 40 , 55 , 992 , 448.57 , 5.23 , 13.84 , 2.33 , 1.16 , 0.23
Sanja Sirk , 1 , 30 , 40 , 70 , 698 , 200.83 , 1.0 , 11.0 , 0.0 , 2.0 , 0.0
Tjaša Ribič , 1 , 15 , 32 , 47 , 1087 , 854.33 , 5.54 , 46.01 , 2.84 , 6.67 , 0.0
M. J. , 1 , 15 , 15 , 30 , 846 , 938.01 , 6.34 , 24.62 , 10.65 , 1.51 , 0.0
M. J. , 1 , 10 , 5 , 15 , 940 , 1634.94 , 5.22 , 23.49 , 24.7 , 1.41 , 0.0
Sanja Sirk , 1 , 40 , 55 , 95 , 951 , 781.07 , 12.79 , 2.79 , 12.79 , 0.44 , 0.15
M. J. , 1 , 15 , 45 , 60 , 1222 , 866.55 , 3.72 , 24.29 , 10.12 , 1.24 , 0.33
M. J. , 1 , 10 , 15 , 25 , 869 , 974.24 , 11.97 , 33.04 , 6.35 , 3.6 , 0.0
M. J. , 1 , 10 , 50 , 60 , 965 , 573.12 , 6.86 , 10.89 , 6.27 , 0.75 , 0.15
Su.S. , 1 , 15 , 35 , 50 , 1060 , 330.91 , 1.24 , 11.15 , 2.56 , 1.39 , 0.0
Tjaša Ribič , 1 , 15 , 39 , 54 , 1136 , 915.67 , 5.98 , 38.36 , 6.31 , 5.98 , 0.0
Su.S. , 1 , 15 , 45 , 60 , 699 , 1532.01 , 4.15 , 50.33 , 16.48 , 0.44 , 0.33
M. J. , 1 , 5 , 25 , 30 , 1239 , 475.51 , 6.48 , 17.16 , 1.32 , 1.2 , 0.0
M.J. , 1 , 20 , 0 , 20 , 806 , 258.95 , 2.78 , 3.48 , 3.34 , 0.0 , 0.0
M.J. , 1 , 10 , 45 , 55 , 1161 , 422.33 , 4.88 , 5.19 , 6.0 , 0.69 , 0.5
Su.S. , 1 , 25 , 20 , 45 , 971 , 405.14 , 9.1 , 6.72 , 3.83 , 5.27 , 0.0
M. J. , 1 , 10 , 30 , 40 , 1467 , 542.62 , 12.37 , 1.36 , 7.54 , 0.51 , 0.0
M. J. , 1 , 35 , 25 , 60 , 2050 , 816.55 , 3.07 , 45.13 , 0.0 , 0.47 , 0.0
M. J. , 1 , 10 , 45 , 55 , 1475 , 462.62 , 4.9 , 8.31 , 5.94 , 1.19 , 0.0
S. M. , 1 , 15 , 20 , 35 , 1146 , 1399.97 , 7.97 , 48.16 , 10.86 , 0.72 , 0.36
M. J. , 1 , 20 , 40 , 60 , 1113 , 633.42 , 4.59 , 23.22 , 3.94 , 1.18 , 0.52
M. J. , 1 , 20 , 0 , 20 , 676 , 655.01 , 5.18 , 11.65 , 9.21 , 2.59 , 0.0
Sanja Sirk , 1 , 40 , 23 , 63 , 1687 , 947.59 , 5.32 , 21.58 , 12.66 , 0.61 , 0.49
M. J. , 1 , 85 , 35 , 120 , 1507 , 1738.66 , 8.0 , 50.47 , 18.45 , 1.56 , 0.0
M.J. , 1 , 15 , 20 , 35 , 1152 , 682.2 , 8.52 , 1.88 , 12.39 , 0.55 , 0.77
Tjaša Ribič , 1 , 15 , 50 , 65 , 859 , 1368.38 , 3.02 , 67.42 , 5.7 , 8.05 , 0.0
Su.S. , 1 , 30 , 5 , 35 , 1105 , 936.17 , 3.2 , 23.07 , 12.75 , 0.71 , 0.71
Sanja Sirk , 1 , 30 , 50 , 80 , 1338 , 1198.97 , 3.53 , 36.26 , 13.44 , 1.35 , 0.15
M. J. , 1 , 10 , 18 , 28 , 1331 , 1188.51 , 2.98 , 24.3 , 19.49 , 0.46 , 0.0
Sanja Sirk , 1 , 10 , 45 , 55 , 1482 , 613.88 , 11.88 , 8.41 , 5.53 , 0.58 , 0.16
M. J. , 1 , 5 , 15 , 20 , 737 , 1151.39 , 14.7 , 40.76 , 4.41 , 1.74 , 0.67
M. J. , 1 , 15 , 30 , 45 , 1276 , 490.62 , 9.15 , 2.64 , 7.07 , 1.0 , 0.0
Tjaša Ribič , 1 , 15 , 30 , 45 , 746 , 892.41 , 4.83 , 49.08 , 1.87 , 8.57 , 0.0
M. J. , 1 , 5 , 35 , 40 , 1378 , 639.86 , 9.46 , 15.44 , 5.25 , 1.04 , 0.0
M. J. , 1 , 10 , 25 , 35 , 1364 , 705.55 , 4.96 , 25.3 , 4.1 , 1.62 , 0.34
M. J. , 1 , 10 , 40 , 50 , 1216 , 255.35 , 3.27 , 3.59 , 3.51 , 1.72 , 0.0
Su.S. , 1 , 20 , 30 , 50 , 794 , 498.82 , 4.57 , 12.14 , 5.71 , 1.76 , 0.0
Sanja Sirk , 1 , 10 , 20 , 30 , 879 , 1085.87 , 6.94 , 31.02 , 11.23 , 0.15 , 0.59
MasterChef , 1 , 20 , 25 , 45 , 1581 , 1250.85 , 5.59 , 18.46 , 22.2 , 0.47 , 0.54
MasterChef , 1 , 44 , 80 , 124 , 1019 , 1050.69 , 7.1 , 26.17 , 11.9 , 0.34 , 0.2
MasterChef , 1 , 15 , 65 , 80 , 1522 , 1449.67 , 5.64 , 25.39 , 24.19 , 0.3 , 0.24
Su.S. , 1 , 15 , 50 , 65 , 760 , 927.89 , 8.66 , 20.65 , 10.65 , 0.54 , 0.32
M. J. , 1 , 15 , 50 , 65 , 951 , 882.82 , 7.33 , 19.35 , 10.75 , 0.39 , 0.33
Tjaša Ribič , 1 , 7 , 8 , 15 , 738 , 1418.12 , 23.34 , 56.96 , 0.93 , 28.01 , 0.0
M. J. , 1 , 10 , 55 , 65 , 1505 , 545.8 , 13.85 , 1.61 , 6.45 , 0.29 , 0.0
M.J. , 1 , 10 , 25 , 35 , 530 , 856.76 , 9.54 , 1.59 , 16.53 , 0.0 , 1.27
M.J. , 1 , 10 , 15 , 25 , 1091 , 797.64 , 11.75 , 20.72 , 5.58 , 1.49 , 0.0
M. J. , 1 , 10 , 50 , 60 , 1181 , 354.68 , 4.34 , 10.03 , 2.08 , 1.22 , 0.12
Sanja Sirk , 1 , 10 , 5 , 15 , 615 , 284.89 , 1.31 , 12.44 , 1.47 , 1.15 , 0.0
Su.S. , 1 , 15 , 15 , 30 , 790 , 523.79 , 5.35 , 13.6 , 4.98 , 1.41 , 0.07
Su.S. , 1 , 60 , 30 , 90 , 2204 , 1030.44 , 4.23 , 37.89 , 8.01 , 2.11 , 0.07
Sanja Sirk , 1 , 75 , 20 , 95 , 1042 , 1499.8 , 14.0 , 45.4 , 11.88 , 2.35 , 0.0
M. J. , 1 , 15 , 68 , 83 , 1675 , 1408.75 , 5.95 , 26.49 , 22.52 , 0.46 , 0.31
Su.S. , 1 , 25 , 80 , 105 , 935 , 454.17 , 5.84 , 9.09 , 4.48 , 1.3 , 0.32
Zala Pungeršič , 1 , 10 , 30 , 40 , 635 , 179.54 , 0.42 , 5.86 , 1.05 , 0.84 , 0.0
M. J. , 1 , 170 , 35 , 205 , 2296 , 1743.56 , 8.12 , 42.52 , 23.92 , 3.01 , 0.2
Kristina Turk , 1 , 100 , 95 , 195 , 3262 , 1453.31 , 8.57 , 36.34 , 17.61 , 2.36 , 0.32
Su.S. , 1 , 20 , 15 , 35 , 893 , 604.76 , 7.91 , 13.31 , 5.54 , 0.99 , 0.13
M. J. , 1 , 30 , 45 , 75 , 1428 , 918.43 , 3.39 , 28.17 , 9.92 , 0.88 , 0.35
M.H.J. , 1 , 10 , 20 , 30 , 772 , 536.22 , 15.78 , 5.87 , 2.87 , 0.26 , 0.13
M. J. , 1 , 10 , 45 , 55 , 1332 , 564.25 , 7.98 , 13.4 , 4.34 , 1.55 , 0.0
M. J. , 1 , 30 , 15 , 45 , 2335 , 989.85 , 3.94 , 19.63 , 15.27 , 1.26 , 0.0
M. J. , 1 , 10 , 25 , 35 , 969 , 1281.39 , 6.02 , 40.15 , 13.05 , 1.45 , 0.22
Brina Robinik Kobal , 1 , 15 , 25 , 40 , 1068 , 714.38 , 4.82 , 28.2 , 3.37 , 2.84 , 0.0
Kristina Turk , 1 , 45 , 25 , 70 , 1743 , 1249.55 , 6.06 , 13.2 , 24.43 , 0.32 , 0.32
Sanja Sirk , 1 , 10 , 25 , 35 , 1326 , 478.52 , 8.29 , 8.51 , 4.83 , 0.77 , 0.0
Sanja Sirk , 1 , 15 , 20 , 35 , 1807 , 742.58 , 6.34 , 19.21 , 7.31 , 1.46 , 0.29
Su.S. , 1 , 10 , 10 , 20 , 547 , 563.54 , 6.54 , 6.17 , 8.64 , 0.99 , 0.62
Sanja Sirk , 1 , 15 , 30 , 45 , 1040 , 845.71 , 4.8 , 39.21 , 2.34 , 0.78 , 0.52
Barbara Nonis , 1 , 10 , 28 , 38 , 1214 , 862.87 , 9.35 , 19.1 , 8.74 , 0.41 , 0.2
Sabina Jeršin , 1 , 10 , 29 , 39 , 1653 , 538.48 , 3.51 , 19.09 , 4.17 , 3.4 , 0.0
M. J. , 1 , 15 , 50 , 65 , 888 , 941.82 , 13.85 , 17.99 , 9.63 , 1.13 , 0.6
M.J. , 1 , 10 , 12 , 22 , 675 , 1181.19 , 10.46 , 34.12 , 11.05 , 3.42 , 0.0
M. J. , 1 , 20 , 0 , 20 , 1091 , 693.0 , 4.83 , 15.31 , 8.59 , 1.16 , 0.0
M. J. , 1 , 25 , 20 , 45 , 1848 , 817.47 , 8.86 , 15.61 , 9.63 , 1.35 , 0.39
M.J. , 1 , 15 , 50 , 65 , 1166 , 863.54 , 8.63 , 20.42 , 9.09 , 0.4 , 0.26
M. J. , 1 , 15 , 18 , 33 , 1270 , 923.07 , 7.06 , 18.39 , 11.98 , 0.82 , 0.82
M. J. , 1 , 10 , 30 , 40 , 577 , 555.38 , 10.42 , 5.06 , 6.85 , 0.3 , 0.89
M. J. , 1 , 20 , 0 , 20 , 1600 , 1234.24 , 4.53 , 34.56 , 14.19 , 2.67 , 0.62
M. J. , 1 , 15 , 35 , 50 , 1054 , 328.78 , 6.82 , 9.98 , 0.42 , 1.16 , 0.0
M. J. , 1 , 15 , 60 , 75 , 1521 , 2306.43 , 0.0 , 0.0 , 60.0 , 0.0 , 0.0
M.J. , 1 , 10 , 25 , 35 , 691 , 276.23 , 1.93 , 6.46 , 3.4 , 1.81 , 0.0
M.J. , 1 , 10 , 30 , 40 , 920 , 523.75 , 4.33 , 6.04 , 8.46 , 1.91 , 0.0
M. J. , 1 , 50 , 70 , 120 , 1616 , 1141.14 , 2.94 , 34.49 , 13.04 , 0.53 , 0.12
M. J. , 1 , 15 , 12 , 27 , 1055 , 815.0 , 8.91 , 29.37 , 8.34 , 3.98 , 0.0
M. J. , 1 , 10 , 30 , 40 , 1331 , 815.96 , 13.68 , 4.48 , 12.69 , 0.37 , 0.0
M. J. , 1 , 5 , 25 , 30 , 1612 , 754.0 , 14.56 , 2.55 , 11.64 , 0.55 , 0.55
Su. S. , 1 , 20 , 20 , 40 , 1420 , 1193.15 , 6.67 , 40.55 , 9.68 , 0.65 , 0.65
Sanja Sirk , 1 , 30 , 0 , 30 , 989 , 1056.29 , 4.99 , 25.22 , 13.79 , 1.44 , 0.26
Su.S. , 1 , 125 , 20 , 145 , 1357 , 1705.98 , 10.85 , 50.52 , 16.62 , 1.61 , 0.13
M. J. , 1 , 10 , 10 , 20 , 1033 , 2101.12 , 16.88 , 49.56 , 25.05 , 5.45 , 0.0
M. J. , 1 , 5 , 0 , 5 , 723 , 2517.39 , 3.33 , 50.83 , 42.5 , 5.83 , 0.0
M.J. , 1 , 30 , 25 , 55 , 553 , 743.37 , 6.17 , 18.41 , 7.74 , 0.67 , 0.79
M. J. , 1 , 15 , 30 , 45 , 1172 , 927.63 , 12.99 , 5.77 , 15.15 , 0.31 , 0.21
M.J. , 1 , 15 , 40 , 55 , 1238 , 315.06 , 3.42 , 12.39 , 1.12 , 2.58 , 0.0
M. J. , 1 , 45 , 30 , 75 , 1544 , 1216.5 , 7.57 , 35.56 , 12.19 , 0.48 , 0.24
M. J. , 1 , 10 , 25 , 35 , 1014 , 1045.71 , 11.14 , 13.61 , 14.85 , 0.25 , 0.99
Su.S. , 1 , 15 , 55 , 70 , 635 , 1432.69 , 6.51 , 35.38 , 18.65 , 0.3 , 0.89
M.J. , 1 , 10 , 55 , 65 , 914 , 460.66 , 9.76 , 6.71 , 4.01 , 0.97 , 0.0
M. J. , 1 , 25 , 45 , 70 , 1658 , 1259.76 , 3.81 , 29.75 , 17.94 , 1.0 , 0.25
Su.S. , 1 , 10 , 50 , 60 , 869 , 532.16 , 2.44 , 11.89 , 7.02 , 1.56 , 0.0
M. J. , 1 , 10 , 15 , 25 , 1361 , 979.52 , 7.75 , 37.73 , 13.14 , 7.07 , 0.0
M. J. , 1 , 40 , 40 , 80 , 2457 , 1082.86 , 4.19 , 28.73 , 13.4 , 0.8 , 0.8
Su.S. , 1 , 30 , 180 , 210 , 1462 , 721.07 , 10.76 , 2.31 , 12.52 , 0.73 , 0.0
M.J. , 1 , 10 , 10 , 20 , 805 , 599.32 , 16.67 , 3.46 , 5.5 , 0.31 , 0.0
M. J. , 1 , 120 , 45 , 165 , 2291 , 1219.3 , 8.14 , 31.31 , 13.46 , 0.56 , 0.38
Su.S. , 1 , 10 , 50 , 60 , 930 , 666.64 , 12.07 , 18.06 , 3.76 , 4.65 , 0.0
M.J. , 1 , 20 , 10 , 30 , 1288 , 1763.1 , 5.28 , 47.78 , 21.85 , 3.36 , 0.48
M. J. , 1 , 10 , 39 , 49 , 1116 , 259.2 , 1.41 , 4.38 , 3.68 , 1.41 , 0.0
M.J. , 1 , 20 , 35 , 55 , 1145 , 804.46 , 15.21 , 1.89 , 12.8 , 0.43 , 0.09
M. J. , 1 , 0 , 30 , 30 , 639 , 1418.29 , 10.43 , 72.36 , 1.96 , 9.78 , 0.0
M. J. , 1 , 5 , 50 , 55 , 1175 , 1070.94 , 7.71 , 46.14 , 3.37 , 2.24 , 0.0
M.J. , 1 , 10 , 55 , 65 , 935 , 640.78 , 5.99 , 4.22 , 11.9 , 1.38 , 0.77
T. G. , 1 , 5 , 40 , 45 , 849 , 785.38 , 10.42 , 4.46 , 13.73 , 1.03 , 0.0
M. J. , 1 , 25 , 0 , 25 , 1528 , 1294.57 , 8.15 , 60.87 , 3.07 , 2.92 , 0.0
Su.S. , 1 , 10 , 30 , 40 , 681 , 437.86 , 1.63 , 7.91 , 7.21 , 1.74 , 0.0
M. J. , 1 , 50 , 30 , 80 , 1993 , 1526.66 , 6.12 , 28.77 , 25.48 , 2.22 , 0.38
Sanja Sirk , 1 , 35 , 45 , 80 , 1115 , 984.16 , 14.1 , 18.68 , 9.82 , 0.52 , 0.15
M. J. , 1 , 15 , 15 , 30 , 1291 , 1348.92 , 5.07 , 64.53 , 4.27 , 0.53 , 0.0
M. J. , 1 , 5 , 70 , 75 , 1138 , 940.4 , 14.32 , 3.68 , 16.21 , 0.49 , 0.0
M. J. , 1 , 10 , 20 , 30 , 1212 , 1202.61 , 10.38 , 32.12 , 12.33 , 3.89 , 0.65
M.J. , 1 , 10 , 95 , 105 , 1263 , 748.06 , 14.1 , 2.61 , 11.41 , 0.16 , 0.0
M. J. , 1 , 5 , 34 , 39 , 1197 , 648.31 , 6.17 , 14.38 , 7.39 , 1.22 , 0.34
Su.S. , 1 , 10 , 90 , 100 , 651 , 462.04 , 9.39 , 7.6 , 3.84 , 1.21 , 0.0
M. J. , 1 , 10 , 25 , 35 , 1006 , 704.54 , 4.94 , 3.56 , 14.48 , 0.57 , 0.0
M. J. , 1 , 10 , 60 , 70 , 1300 , 655.47 , 7.64 , 23.3 , 3.08 , 9.23 , 0.0
M. J. , 1 , 25 , 0 , 25 , 759 , 962.45 , 1.98 , 9.35 , 20.4 , 1.7 , 0.0
M. J. , 1 , 120 , 25 , 145 , 1707 , 1492.06 , 12.93 , 41.18 , 14.07 , 1.88 , 0.1
Su.S. , 1 , 20 , 140 , 160 , 870 , 488.57 , 11.94 , 3.33 , 5.02 , 0.53 , 0.05
M.J. , 1 , 10 , 25 , 35 , 906 , 725.05 , 5.66 , 3.98 , 14.54 , 0.61 , 0.0
M.J. , 1 , 60 , 25 , 85 , 1702 , 1611.51 , 5.33 , 51.2 , 16.61 , 1.25 , 0.52
Sanja Sirk , 1 , 40 , 50 , 90 , 1307 , 1440.26 , 5.12 , 50.09 , 13.15 , 0.5 , 0.4
M. J. , 1 , 10 , 25 , 35 , 1360 , 565.59 , 11.9 , 3.75 , 7.36 , 0.64 , 0.0
M. J. , 1 , 30 , 20 , 50 , 861 , 1004.33 , 11.2 , 25.64 , 9.31 , 0.67 , 0.31
Sanja Sirk , 1 , 10 , 135 , 145 , 1559 , 434.05 , 8.41 , 2.69 , 6.0 , 0.59 , 0.0
M.J. , 1 , 50 , 12 , 62 , 1176 , 1888.53 , 6.06 , 50.77 , 24.85 , 1.78 , 0.36
M. J. , 1 , 10 , 15 , 25 , 1136 , 840.06 , 14.0 , 12.82 , 9.76 , 2.35 , 0.12
M. J. , 1 , 10 , 15 , 25 , 731 , 335.01 , 2.82 , 9.17 , 3.7 , 2.65 , 0.0
M. J. , 1 , 5 , 20 , 25 , 1167 , 518.15 , 0.92 , 4.25 , 11.09 , 1.66 , 0.0
M. J. , 1 , 10 , 50 , 60 , 1347 , 1186.46 , 3.42 , 40.7 , 13.43 , 2.5 , 0.13
Su.S. , 1 , 40 , 20 , 60 , 914 , 1548.83 , 6.4 , 41.84 , 18.86 , 0.7 , 0.26
M. J. , 1 , 10 , 30 , 40 , 840 , 306.06 , 2.78 , 7.59 , 3.7 , 2.78 , 0.0
M. J. , 1 , 10 , 40 , 50 , 1975 , 622.54 , 3.16 , 25.43 , 2.5 , 0.92 , 0.13
M. J. , 1 , 30 , 0 , 30 , 1093 , 1927.15 , 5.73 , 61.46 , 20.2 , 1.86 , 0.14
M.J. , 1 , 20 , 15 , 35 , 783 , 2034.85 , 5.59 , 51.51 , 28.71 , 1.51 , 0.22
M. J. , 1 , 5 , 30 , 35 , 1049 , 656.55 , 15.08 , 1.4 , 9.05 , 0.54 , 0.0
Su.S. , 1 , 70 , 30 , 100 , 962 , 1339.21 , 3.03 , 47.91 , 14.54 , 4.5 , 0.1
Sanja Sirk , 1 , 60 , 40 , 100 , 1528 , 1312.19 , 2.91 , 38.1 , 16.3 , 0.84 , 0.23
M. J. , 1 , 15 , 16 , 31 , 935 , 835.21 , 17.59 , 1.39 , 12.91 , 0.13 , 0.76
M. J. , 1 , 15 , 70 , 85 , 1708 , 751.11 , 8.94 , 16.55 , 7.61 , 0.71 , 0.09
Su.S. , 1 , 15 , 15 , 30 , 959 , 519.44 , 4.91 , 6.83 , 7.37 , 0.96 , 0.21
M. J. , 1 , 20 , 35 , 55 , 1137 , 826.13 , 6.86 , 20.96 , 8.72 , 0.69 , 0.11
M. J. , 1 , 15 , 45 , 60 , 1486 , 576.22 , 6.88 , 8.48 , 7.84 , 1.03 , 0.0
M. J. , 1 , 20 , 40 , 60 , 1638 , 1881.46 , 11.0 , 37.31 , 28.87 , 0.0 , 3.19
Sanja Sirk , 1 , 90 , 45 , 135 , 1606 , 808.43 , 5.64 , 33.59 , 3.19 , 1.51 , 0.22
M. J. , 1 , 10 , 40 , 50 , 1245 , 698.85 , 8.99 , 7.32 , 10.78 , 1.1 , 0.0
M. J. , 1 , 5 , 60 , 65 , 1944 , 707.1 , 8.04 , 18.01 , 6.29 , 0.6 , 0.0
Sanja Sirk , 1 , 15 , 30 , 45 , 1047 , 540.28 , 12.62 , 11.74 , 2.3 , 0.55 , 0.0
M. J. , 1 , 25 , 10 , 35 , 1488 , 971.4 , 7.32 , 37.53 , 4.83 , 0.16 , 1.09
M. J. , 1 , 120 , 45 , 165 , 2231 , 1767.78 , 6.31 , 50.08 , 21.01 , 2.07 , 0.33
M. J. , 1 , 90 , 30 , 120 , 805 , 1504.57 , 8.65 , 74.71 , 1.44 , 4.8 , 0.0
M. J. , 1 , 15 , 10 , 25 , 1358 , 1820.46 , 10.03 , 36.32 , 28.75 , 2.84 , 0.0
M. J. , 1 , 20 , 35 , 55 , 2144 , 985.21 , 10.58 , 8.03 , 16.53 , 0.38 , 0.19
Su.S. , 1 , 25 , 55 , 80 , 1010 , 1351.77 , 5.9 , 42.91 , 14.59 , 0.93 , 0.51
M.J. , 1 , 10 , 60 , 70 , 1193 , 844.46 , 6.96 , 40.29 , 0.92 , 9.34 , 0.0
M.J. , 1 , 0 , 75 , 75 , 1097 , 757.68 , 5.43 , 9.14 , 12.85 , 1.2 , 0.34
M. J. , 1 , 15 , 45 , 60 , 954 , 812.99 , 7.62 , 30.67 , 4.95 , 4.16 , 0.4
M. J. , 1 , 15 , 30 , 45 , 873 , 188.45 , 1.21 , 5.61 , 1.63 , 0.93 , 0.0
M. J. , 1 , 5 , 18 , 23 , 1118 , 763.54 , 18.65 , 0.18 , 10.56 , 0.0 , 0.0
M. J. , 1 , 12 , 40 , 52 , 1178 , 384.76 , 3.53 , 8.15 , 4.63 , 0.51 , 0.07
M. J. , 1 , 10 , 20 , 30 , 1297 , 1040.14 , 9.88 , 30.69 , 7.82 , 0.59 , 0.59
M. J. , 1 , 5 , 10 , 15 , 781 , 1664.56 , 12.35 , 58.01 , 11.56 , 2.35 , 0.2
Su.S. , 1 , 20 , 40 , 60 , 811 , 895.33 , 7.94 , 25.78 , 7.45 , 0.49 , 0.33
T. G. , 1 , 15 , 345 , 360 , 1171 , 832.91 , 9.78 , 6.49 , 14.03 , 1.55 , 0.0
M. J. , 1 , 30 , 20 , 50 , 1496 , 1403.23 , 5.48 , 73.56 , 1.68 , 1.83 , 0.15
M. J. , 1 , 10 , 30 , 40 , 1264 , 938.39 , 5.98 , 35.1 , 5.41 , 1.96 , 0.0
M. J. , 1 , 30 , 70 , 100 , 1523 , 1584.94 , 7.71 , 43.12 , 18.94 , 2.77 , 0.22
Sanja Sirk , 1 , 45 , 15 , 60 , 1180 , 1790.33 , 6.12 , 40.02 , 27.15 , 3.11 , 0.21
M. J. , 1 , 5 , 20 , 25 , 1037 , 1356.37 , 11.33 , 47.22 , 7.27 , 2.03 , 0.0
Su.S. , 1 , 30 , 0 , 30 , 858 , 1399.46 , 1.95 , 38.39 , 18.51 , 1.72 , 0.11
M. J. , 1 , 75 , 55 , 130 , 2514 , 1752.47 , 6.25 , 43.01 , 23.97 , 1.04 , 0.76
Su.S. , 1 , 30 , 4 , 34 , 818 , 1033.16 , 8.38 , 25.13 , 11.62 , 2.34 , 0.09
M. J. , 1 , 10 , 50 , 60 , 1025 , 260.75 , 4.2 , 5.81 , 2.41 , 0.0 , 0.0
M. J. , 1 , 10 , 50 , 60 , 1046 , 486.52 , 4.23 , 11.61 , 5.34 , 1.51 , 0.0
M. J. , 1 , 15 , 20 , 35 , 1015 , 365.47 , 2.14 , 11.57 , 2.86 , 1.5 , 0.14
Sanja Sirk , 1 , 10 , 15 , 25 , 1226 , 1270.39 , 10.12 , 20.49 , 18.51 , 1.11 , 0.12
Su.S. , 1 , 10 , 60 , 70 , 597 , 992.24 , 8.12 , 46.9 , 1.98 , 3.59 , 0.19
M.J. , 1 , 15 , 20 , 35 , 1015 , 662.95 , 4.55 , 29.49 , 1.33 , 0.67 , 0.22
Su.S. , 1 , 25 , 15 , 40 , 847 , 877.55 , 12.62 , 6.76 , 14.25 , 1.08 , 0.09
Su.S. , 1 , 15 , 20 , 35 , 747 , 983.62 , 10.24 , 32.66 , 5.44 , 0.81 , 0.16
M. J. , 1 , 15 , 0 , 15 , 639 , 803.62 , 2.27 , 9.5 , 16.38 , 2.53 , 0.0
M. J. , 1 , 75 , 55 , 130 , 2210 , 1111.44 , 6.06 , 28.67 , 13.25 , 0.75 , 0.22
M. J. , 1 , 15 , 70 , 85 , 1067 , 619.52 , 6.46 , 12.69 , 7.23 , 1.38 , 0.06
Su.S. , 1 , 20 , 40 , 60 , 1215 , 1347.75 , 11.56 , 21.45 , 20.04 , 0.64 , 0.0
T.D. , 1 , 15 , 15 , 30 , 893 , 858.18 , 11.16 , 22.1 , 6.01 , 0.86 , 0.86
M. J. , 1 , 15 , 55 , 70 , 922 , 654.75 , 4.78 , 5.02 , 12.11 , 1.04 , 0.48
M. J. , 1 , 20 , 10 , 30 , 1049 , 930.81 , 5.99 , 36.3 , 5.09 , 1.27 , 0.53
Sanja Sirk , 1 , 10 , 70 , 80 , 716 , 907.89 , 9.11 , 25.6 , 7.52 , 0.58 , 0.0
M. J. , 1 , 10 , 35 , 45 , 772 , 970.81 , 10.21 , 29.18 , 7.69 , 8.82 , 0.13
M. J. , 1 , 10 , 0 , 10 , 895 , 1100.31 , 10.5 , 23.28 , 14.15 , 5.02 , 0.0
S. S. , 1 , 15 , 70 , 85 , 1392 , 584.8 , 8.26 , 3.43 , 9.75 , 0.16 , 0.06
Su.S. , 1 , 30 , 5 , 35 , 1317 , 1895.85 , 9.11 , 33.35 , 31.49 , 2.74 , 0.0
Su.S. , 1 , 25 , 25 , 50 , 993 , 1735.36 , 5.0 , 46.57 , 22.88 , 3.47 , 0.51
M. J. , 1 , 10 , 20 , 30 , 1089 , 465.05 , 2.5 , 10.15 , 6.33 , 0.62 , 0.39
M. J. , 1 , 12 , 50 , 62 , 1197 , 1128.42 , 5.12 , 24.76 , 17.08 , 2.42 , 0.43
M.J. , 1 , 10 , 55 , 65 , 922 , 865.5 , 10.82 , 8.42 , 13.72 , 0.64 , 0.07
M.J. , 1 , 50 , 90 , 140 , 1059 , 549.15 , 0.0 , 33.0 , 0.0 , 0.75 , 0.0
M.J. , 1 , 10 , 20 , 30 , 919 , 584.09 , 7.62 , 9.51 , 7.51 , 1.89 , 0.0
Su.S. , 1 , 10 , 30 , 40 , 844 , 1654.1 , 4.0 , 61.45 , 15.31 , 2.17 , 0.11
M. J. , 1 , 45 , 45 , 90 , 2632 , 295.22 , 2.41 , 11.08 , 1.04 , 1.31 , 0.03
T. G. , 1 , 10 , 55 , 65 , 1336 , 568.69 , 9.23 , 17.03 , 2.86 , 3.18 , 0.0
M. J. , 1 , 45 , 50 , 95 , 1157 , 1219.3 , 7.9 , 36.91 , 11.51 , 0.9 , 0.4
Su.S. , 1 , 10 , 50 , 60 , 1263 , 353.76 , 5.76 , 6.3 , 3.58 , 1.03 , 0.0
M. J. , 1 , 75 , 45 , 120 , 1956 , 1159.22 , 4.14 , 27.76 , 16.23 , 1.29 , 0.28
M. J. , 1 , 35 , 12 , 47 , 1009 , 931.19 , 19.32 , 15.39 , 7.64 , 0.85 , 0.21
Sanja Sirk , 1 , 20 , 55 , 75 , 996 , 605.51 , 7.96 , 12.7 , 6.71 , 2.89 , 0.0
T. G. , 1 , 10 , 25 , 35 , 1312 , 1156.37 , 9.6 , 36.38 , 8.59 , 0.67 , 0.84
M. J. , 1 , 10 , 30 , 40 , 1259 , 608.56 , 9.1 , 6.6 , 8.4 , 0.9 , 0.0
Sanja Sirk , 1 , 20 , 70 , 90 , 739 , 627.18 , 7.27 , 10.15 , 8.25 , 0.2 , 0.07
M. J. , 1 , 10 , 30 , 40 , 1550 , 1690.63 , 5.35 , 43.1 , 22.68 , 2.11 , 0.7
M. J. , 1 , 15 , 20 , 35 , 1322 , 635.51 , 2.56 , 14.1 , 8.81 , 0.79 , 0.0
Su.S. , 1 , 10 , 25 , 35 , 886 , 744.71 , 7.89 , 9.14 , 11.71 , 1.0 , 0.0
Sanja Sirk , 1 , 30 , 0 , 30 , 1210 , 133.89 , 0.09 , 5.93 , 0.0 , 1.8 , 0.0
M. J. , 1 , 15 , 55 , 70 , 1174 , 537.77 , 2.6 , 8.29 , 9.0 , 1.05 , 0.0
M. J. , 1 , 15 , 45 , 60 , 2007 , 1044.16 , 2.58 , 35.09 , 10.57 , 0.53 , 0.27
Su.S. , 1 , 5 , 15 , 20 , 673 , 1598.29 , 12.98 , 56.84 , 9.81 , 2.02 , 0.0
K.I. , 1 , 50 , 10 , 60 , 1253 , 1390.22 , 6.6 , 39.49 , 16.26 , 1.34 , 0.24
M. J. , 1 , 15 , 30 , 45 , 1392 , 889.02 , 7.82 , 23.46 , 8.42 , 0.75 , 0.15
M. J. , 1 , 15 , 40 , 55 , 2155 , 1167.0 , 5.17 , 45.44 , 7.54 , 0.67 , 0.56
M. J. , 1 , 10 , 20 , 30 , 1103 , 260.96 , 2.7 , 2.94 , 3.58 , 0.72 , 0.4
M. J. , 1 , 45 , 20 , 65 , 1304 , 476.06 , 5.67 , 12.45 , 3.83 , 1.18 , 0.15
M. J. , 1 , 5 , 30 , 35 , 1260 , 830.61 , 4.43 , 21.55 , 12.4 , 3.84 , 0.0
M. J. , 1 , 30 , 50 , 80 , 1589 , 719.98 , 8.11 , 20.55 , 5.69 , 1.42 , 0.28
M.J. , 1 , 15 , 115 , 130 , 916 , 326.69 , 4.88 , 8.42 , 2.09 , 1.54 , 0.0
M. J. , 1 , 50 , 30 , 80 , 1917 , 1913.39 , 6.46 , 47.19 , 26.97 , 2.34 , 0.14
M.J. , 1 , 12 , 5 , 17 , 857 , 1436.03 , 19.87 , 15.58 , 20.95 , 0.0 , 0.0
M. J. , 1 , 15 , 45 , 60 , 1412 , 156.31 , 0.75 , 7.97 , 0.0 , 2.17 , 0.0
Su.S. , 1 , 17 , 8 , 25 , 725 , 430.16 , 7.77 , 2.86 , 5.91 , 0.75 , 0.0
Su. S. , 1 , 15 , 5 , 20 , 813 , 1775.1 , 4.38 , 52.54 , 21.45 , 0.0 , 1.31
M. J. , 1 , 10 , 15 , 25 , 908 , 652.91 , 5.77 , 13.07 , 8.36 , 2.28 , 0.0
Sanja Sirk , 1 , 15 , 30 , 45 , 1318 , 739.27 , 5.53 , 22.44 , 6.65 , 1.37 , 0.44
M. J. , 1 , 45 , 45 , 90 , 1753 , 922.32 , 8.35 , 28.63 , 7.0 , 0.27 , 0.63
M. J. , 1 , 10 , 20 , 30 , 1033 , 615.42 , 8.4 , 1.84 , 10.67 , 0.49 , 0.0
T.D. , 1 , 15 , 30 , 45 , 977 , 275.85 , 1.2 , 7.62 , 3.21 , 2.14 , 0.0
M. J. , 1 , 10 , 35 , 45 , 1119 , 412.96 , 6.48 , 5.83 , 5.08 , 1.62 , 0.0
M.J. , 1 , 30 , 25 , 55 , 2108 , 993.7 , 4.67 , 25.85 , 12.41 , 1.22 , 0.69
M. J. , 1 , 10 , 25 , 35 , 652 , 841.28 , 10.74 , 17.52 , 8.99 , 1.52 , 0.38
M. J. , 1 , 10 , 30 , 40 , 1728 , 491.83 , 8.86 , 10.27 , 3.82 , 1.27 , 0.0
M. J. , 1 , 30 , 45 , 75 , 1266 , 996.5 , 8.47 , 15.5 , 14.89 , 1.12 , 0.2
Sanja Sirk , 1 , 5 , 15 , 20 , 969 , 678.31 , 3.06 , 19.64 , 7.66 , 1.67 , 0.0
Su.S. , 1 , 45 , 0 , 45 , 1443 , 899.89 , 12.18 , 20.96 , 8.92 , 2.97 , 0.0
M. J. , 1 , 10 , 20 , 30 , 1435 , 913.2 , 9.28 , 13.47 , 13.77 , 1.05 , 0.0
M. J. , 1 , 8 , 22 , 30 , 1055 , 617.85 , 13.64 , 1.32 , 8.76 , 0.47 , 0.0
Su.S. , 1 , 30 , 10 , 40 , 985 , 1264.03 , 4.14 , 35.43 , 15.56 , 1.06 , 0.06
M. J. , 1 , 15 , 30 , 45 , 1456 , 838.64 , 4.79 , 33.28 , 4.35 , 0.87 , 0.29
Sanja Sirk , 1 , 10 , 40 , 50 , 734 , 168.24 , 0.6 , 8.04 , 0.0 , 0.87 , 0.0
M.J. , 1 , 435 , 0 , 435 , 1523 , 307.27 , 0.36 , 16.24 , 0.55 , 1.28 , 0.0
M.J. , 1 , 7 , 19 , 26 , 869 , 523.79 , 12.72 , 1.33 , 6.82 , 0.42 , 0.0
Sanja Sirk , 1 , 10 , 35 , 45 , 612 , 650.82 , 6.21 , 17.26 , 6.02 , 1.49 , 0.37
M. J. , 1 , 30 , 10 , 40 , 1549 , 483.84 , 1.55 , 27.85 , 0.0 , 1.78 , 0.0
M. J. , 1 , 10 , 50 , 60 , 1350 , 716.76 , 7.49 , 10.18 , 10.46 , 1.13 , 0.07
M. J. , 1 , 12 , 55 , 67 , 993 , 614.0 , 3.04 , 24.3 , 2.92 , 1.21 , 0.24
Su.S. , 1 , 10 , 3 , 13 , 987 , 1357.16 , 11.2 , 38.83 , 17.92 , 7.47 , 0.0
M. J. , 1 , 10 , 60 , 70 , 1195 , 440.83 , 7.0 , 8.28 , 4.06 , 1.15 , 0.0
M. J. , 1 , 15 , 0 , 15 , 955 , 1755.36 , 7.36 , 22.76 , 32.87 , 1.15 , 1.95
M. J. , 1 , 25 , 0 , 25 , 1156 , 385.18 , 1.59 , 12.61 , 3.18 , 0.95 , 0.0
M. J. , 1 , 15 , 25 , 40 , 1141 , 701.49 , 13.93 , 2.07 , 10.74 , 0.28 , 0.0
Luka Novak , 1 , 30 , 10 , 40 , 1460 , 581.41 , 9.57 , 17.39 , 2.78 , 1.74 , 0.35
Evita Antončič , 1 , 20 , 30 , 50 , 566 , 953.99 , 5.76 , 13.09 , 16.06 , 1.15 , 0.66
Evita Antončič , 1 , 60 , 60 , 120 , 1277 , 621.49 , 10.65 , 8.24 , 7.36 , 0.73 , 0.18
Luka Novak , 1 , 60 , 30 , 90 , 2098 , 547.23 , 2.62 , 12.7 , 6.77 , 1.61 , 0.25
M. J. , 1 , 20 , 25 , 45 , 857 , 584.8 , 7.51 , 16.22 , 3.7 , 1.07 , 0.24
Su.S. , 1 , 60 , 45 , 105 , 1504 , 1312.9 , 4.41 , 43.48 , 13.1 , 1.66 , 0.22
M. J. , 1 , 10 , 15 , 25 , 1054 , 181.88 , 0.99 , 8.89 , 0.0 , 1.43 , 0.0
M. J. , 1 , 5 , 20 , 25 , 734 , 843.45 , 5.74 , 18.52 , 11.35 , 2.57 , 0.68
M. J. , 1 , 15 , 60 , 75 , 1250 , 1496.16 , 6.05 , 39.59 , 19.21 , 3.4 , 0.53
M. J. , 1 , 45 , 30 , 75 , 1703 , 1316.7 , 4.59 , 37.89 , 14.95 , 1.02 , 0.34
M.J. , 1 , 30 , 0 , 30 , 997 , 1591.84 , 6.37 , 43.47 , 19.1 , 1.64 , 0.0
Sanja Sirk , 1 , 30 , 0 , 30 , 770 , 1235.03 , 5.71 , 25.0 , 18.5 , 1.38 , 0.3
M.J. , 1 , 12 , 30 , 42 , 1153 , 645.05 , 12.25 , 3.76 , 9.1 , 0.12 , 0.0
M. J. , 1 , 10 , 55 , 65 , 1279 , 742.83 , 8.45 , 2.69 , 13.63 , 0.19 , 1.34
M. J. , 1 , 10 , 40 , 50 , 1049 , 813.03 , 7.76 , 18.8 , 8.8 , 1.2 , 0.4
Evita Antončič , 1 , 30 , 30 , 60 , 1233 , 589.23 , 8.6 , 11.15 , 6.12 , 2.04 , 0.13
Luka Novak , 1 , 30 , 40 , 70 , 1943 , 312.0 , 6.09 , 10.02 , 0.53 , 1.02 , 0.0
M.J. , 1 , 15 , 15 , 30 , 661 , 610.65 , 16.52 , 4.27 , 6.07 , 0.11 , 0.22
M. J. , 1 , 10 , 50 , 60 , 1383 , 742.83 , 12.12 , 17.0 , 5.21 , 0.57 , 0.0
M. J. , 1 , 15 , 30 , 45 , 956 , 1150.1 , 8.75 , 24.88 , 15.36 , 2.0 , 0.15
Sanja Sirk , 1 , 15 , 35 , 50 , 533 , 869.94 , 5.9 , 32.63 , 5.07 , 1.11 , 0.37
Petra Trofenik , 1 , 40 , 50 , 90 , 1747 , 1624.23 , 15.3 , 33.75 , 20.86 , 2.56 , 0.37
Sanja Sirk , 1 , 45 , 15 , 60 , 831 , 768.98 , 0.11 , 46.92 , 0.0 , 0.37 , 0.0
Su.S. , 1 , 15 , 35 , 50 , 727 , 1533.6 , 4.2 , 37.17 , 21.85 , 2.93 , 0.49
M. J. , 1 , 15 , 60 , 75 , 1610 , 948.26 , 12.66 , 4.92 , 16.4 , 1.12 , 0.59
Sanja Sirk , 1 , 15 , 50 , 65 , 1373 , 224.3 , 3.3 , 6.51 , 0.87 , 1.03 , 0.0
M. J. , 1 , 10 , 50 , 60 , 875 , 360.83 , 4.29 , 7.6 , 3.31 , 2.14 , 0.45
M.J. , 1 , 10 , 18 , 28 , 581 , 596.3 , 11.88 , 0.0 , 8.79 , 0.0 , 1.9
Su.S. , 1 , 5 , 15 , 20 , 983 , 580.36 , 7.14 , 5.12 , 9.07 , 0.92 , 0.67
Marko Hriberšek , 1 , 25 , 65 , 90 , 2694 , 559.07 , 8.75 , 13.02 , 4.63 , 0.97 , 0.03
T. G. , 1 , 10 , 0 , 10 , 631 , 388.15 , 0.84 , 22.18 , 0.17 , 1.85 , 0.0
M. J. , 1 , 10 , 50 , 60 , 651 , 442.08 , 0.94 , 14.15 , 4.53 , 1.89 , 0.0
Su.S. , 1 , 10 , 10 , 20 , 508 , 1640.38 , 12.15 , 24.77 , 25.7 , 0.47 , 0.0
M. J. , 1 , 10 , 45 , 55 , 990 , 433.04 , 10.45 , 6.4 , 3.0 , 0.85 , 1.5
Sanja Sirk , 1 , 45 , 55 , 100 , 1648 , 1239.93 , 5.86 , 31.3 , 15.69 , 0.48 , 0.48
M. J. , 1 , 10 , 20 , 30 , 770 , 613.08 , 12.8 , 2.9 , 8.53 , 0.85 , 0.0
M.J. , 1 , 155 , 47 , 202 , 1829 , 1282.27 , 5.77 , 41.15 , 12.27 , 3.56 , 0.49
MasterChef , 1 , 60 , 25 , 85 , 1844 , 931.15 , 5.27 , 29.57 , 8.43 , 0.99 , 0.88
M. J. , 1 , 15 , 15 , 30 , 1625 , 802.2 , 12.93 , 16.39 , 7.54 , 1.31 , 0.41
M. J. , 1 , 10 , 25 , 35 , 1205 , 826.67 , 13.8 , 1.68 , 14.04 , 0.12 , 0.12
M. J. , 1 , 10 , 40 , 50 , 1154 , 1064.54 , 6.33 , 34.13 , 13.83 , 5.04 , 0.13
Su.S. , 1 , 20 , 3 , 23 , 864 , 1728.2 , 4.74 , 36.84 , 26.08 , 2.19 , 0.0
Su.S. , 1 , 15 , 50 , 65 , 710 , 893.41 , 9.4 , 6.13 , 15.67 , 0.43 , 0.28
M. J. , 1 , 15 , 45 , 60 , 1089 , 1054.37 , 4.06 , 32.55 , 10.85 , 0.91 , 0.3
Su.s. , 1 , 30 , 30 , 60 , 1135 , 801.86 , 3.7 , 21.56 , 9.44 , 0.45 , 0.57
M. J. , 1 , 5 , 40 , 45 , 1072 , 948.47 , 7.17 , 5.78 , 19.12 , 0.6 , 0.0
M. J. , 1 , 0 , 30 , 30 , 1198 , 1230.01 , 12.36 , 27.34 , 13.71 , 0.87 , 0.0
Sanja Sirk , 1 , 30 , 10 , 40 , 1587 , 821.15 , 10.63 , 12.35 , 11.6 , 0.37 , 0.0
M. J. , 1 , 30 , 10 , 40 , 1600 , 760.32 , 6.56 , 24.47 , 5.37 , 1.64 , 0.75
Su.S. , 1 , 15 , 5 , 20 , 1107 , 1182.82 , 4.2 , 37.9 , 13.44 , 1.87 , 0.0
M. J. , 1 , 15 , 30 , 45 , 1355 , 768.98 , 11.41 , 16.94 , 7.55 , 2.43 , 0.0
M. J. , 1 , 10 , 90 , 100 , 1717 , 448.19 , 14.69 , 2.47 , 3.27 , 0.29 , 0.0
M. J. , 1 , 30 , 0 , 30 , 846 , 2229.74 , 17.85 , 40.31 , 34.0 , 0.0 , 6.15
Anita Ferlin in Jure Galičič , 1 , 20 , 40 , 60 , 1472 , 1267.71 , 3.29 , 24.8 , 20.22 , 1.1 , 0.4
M. J. , 1 , 30 , 8 , 38 , 1688 , 497.81 , 5.58 , 20.68 , 0.7 , 2.09 , 0.0
M.J. , 1 , 10 , 50 , 60 , 956 , 460.45 , 15.06 , 2.74 , 2.91 , 0.26 , 0.0
Su.S. , 1 , 45 , 5 , 50 , 1716 , 928.01 , 7.45 , 22.79 , 10.53 , 1.79 , 0.0
M. J. , 1 , 15 , 25 , 40 , 1462 , 1013.66 , 10.45 , 26.01 , 9.46 , 0.82 , 0.16
M.J. , 1 , 5 , 10 , 15 , 895 , 1278.63 , 16.37 , 37.74 , 8.46 , 1.45 , 0.33
Su.s. , 1 , 10 , 15 , 25 , 766 , 551.58 , 14.23 , 1.8 , 6.49 , 0.28 , 0.0
M.J. , 1 , 15 , 20 , 35 , 1049 , 814.5 , 10.66 , 4.61 , 13.25 , 0.29 , 1.58
M.J. , 1 , 20 , 0 , 20 , 449 , 1052.11 , 8.39 , 2.01 , 22.26 , 0.18 , 1.09
Sanja Sirk , 1 , 100 , 30 , 130 , 1092 , 1740.92 , 7.36 , 59.7 , 15.2 , 1.57 , 0.36
T.G. , 1 , 10 , 45 , 55 , 929 , 422.58 , 8.54 , 8.46 , 2.77 , 1.03 , 0.0
M. J. , 1 , 30 , 120 , 150 , 2350 , 1659.33 , 6.17 , 44.06 , 20.88 , 0.81 , 0.56
Petra Trofenik , 1 , 10 , 50 , 60 , 1223 , 1114.12 , 6.48 , 35.45 , 10.24 , 5.32 , 0.46
M.J. , 1 , 10 , 17 , 27 , 847 , 320.91 , 3.83 , 2.61 , 5.39 , 1.74 , 0.0
M.J. , 1 , 10 , 3 , 13 , 587 , 879.98 , 9.15 , 6.26 , 16.38 , 2.65 , 0.0
Su.S. , 1 , 5 , 30 , 35 , 654 , 739.94 , 16.82 , 0.77 , 10.8 , 0.46 , 0.0
Su.S. , 1 , 30 , 60 , 90 , 1092 , 503.67 , 5.08 , 18.69 , 2.15 , 0.78 , 0.33
M. J. , 1 , 10 , 10 , 20 , 801 , 828.52 , 11.87 , 10.5 , 10.65 , 0.61 , 0.0
M. J. , 1 , 5 , 25 , 30 , 1379 , 842.99 , 18.53 , 1.65 , 12.39 , 0.12 , 0.71
M. J. , 1 , 45 , 40 , 85 , 2556 , 1024.12 , 5.43 , 22.65 , 13.62 , 0.74 , 0.74
M. J. , 1 , 30 , 20 , 50 , 1476 , 1432.94 , 4.89 , 44.59 , 15.26 , 1.04 , 0.3
M.J. , 1 , 7 , 20 , 27 , 816 , 741.74 , 10.54 , 0.76 , 13.59 , 0.22 , 1.2
M. J. , 1 , 20 , 15 , 35 , 1269 , 1204.95 , 4.78 , 23.43 , 19.33 , 0.6 , 0.6
M. J. , 1 , 5 , 45 , 50 , 1253 , 694.88 , 3.67 , 19.76 , 7.69 , 2.27 , 0.0
Su.S. , 1 , 15 , 15 , 30 , 896 , 850.86 , 11.96 , 2.64 , 15.44 , 0.47 , 0.0
Sanja Sirk , 1 , 15 , 50 , 65 , 801 , 890.77 , 8.03 , 31.44 , 4.93 , 0.5 , 0.5
Su.S. , 1 , 10 , 40 , 50 , 679 , 580.74 , 6.66 , 8.77 , 8.1 , 1.14 , 0.0
M.J. , 1 , 15 , 240 , 255 , 1126 , 624.34 , 20.11 , 4.31 , 4.02 , 0.58 , 0.18
M. J. , 1 , 35 , 90 , 125 , 1285 , 864.29 , 8.22 , 25.38 , 7.28 , 0.0 , 0.56
M. J. , 1 , 20 , 40 , 60 , 913 , 1733.31 , 10.24 , 29.51 , 30.0 , 2.44 , 0.61
Su.S. , 1 , 15 , 25 , 40 , 1332 , 987.76 , 7.44 , 22.01 , 13.47 , 3.12 , 0.2
M. J. , 1 , 10 , 35 , 45 , 1536 , 452.75 , 7.92 , 11.52 , 2.7 , 0.99 , 0.0
M. J. , 1 , 20 , 45 , 65 , 1248 , 1138.76 , 4.71 , 37.65 , 11.07 , 2.8 , 0.14
M.J. , 1 , 20 , 10 , 30 , 1014 , 715.21 , 9.01 , 25.72 , 3.73 , 0.54 , 0.0
M. J. , 1 , 40 , 40 , 80 , 2325 , 1265.7 , 5.98 , 29.54 , 16.95 , 0.5 , 0.62
Sanja Sirk , 1 , 40 , 50 , 90 , 1539 , 1016.42 , 4.96 , 31.29 , 10.3 , 0.5 , 0.11
M. J. , 1 , 15 , 50 , 65 , 959 , 453.92 , 4.71 , 8.07 , 5.61 , 1.39 , 0.27
M. J. , 1 , 5 , 30 , 35 , 504 , 951.19 , 2.22 , 24.27 , 13.31 , 1.17 , 0.0
M.J. , 1 , 140 , 20 , 160 , 1175 , 578.44 , 7.95 , 17.42 , 6.41 , 3.64 , 0.19
M.J. , 1 , 10 , 55 , 65 , 1460 , 514.21 , 10.97 , 7.56 , 4.54 , 1.46 , 0.0
M. J. , 1 , 20 , 0 , 20 , 554 , 846.93 , 11.87 , 27.94 , 2.94 , 0.63 , 0.11
T. G. , 1 , 15 , 0 , 15 , 590 , 527.6 , 1.52 , 6.67 , 10.67 , 4.76 , 0.0
Su.S. , 1 , 30 , 15 , 45 , 1016 , 1173.19 , 12.1 , 13.94 , 19.64 , 0.7 , 0.61
M.J. , 1 , 15 , 57 , 72 , 1334 , 510.45 , 3.35 , 10.31 , 7.09 , 1.93 , 0.06
Š.Z. , 1 , 7 , 30 , 37 , 903 , 745.04 , 17.47 , 0.87 , 10.48 , 0.0 , 0.0
M.J. , 1 , 10 , 25 , 35 , 1145 , 1481.01 , 3.38 , 40.8 , 19.36 , 0.97 , 0.0
T. G. , 1 , 5 , 20 , 25 , 848 , 1110.14 , 18.89 , 32.89 , 6.67 , 0.0 , 0.44
M. J. , 1 , 10 , 15 , 25 , 857 , 558.06 , 4.24 , 8.21 , 8.68 , 1.51 , 0.09
M. J. , 1 , 30 , 20 , 50 , 1551 , 1015.0 , 8.44 , 20.41 , 13.68 , 1.37 , 0.91
M. J. , 1 , 30 , 30 , 60 , 1469 , 758.48 , 5.16 , 31.49 , 3.17 , 1.81 , 0.36
T. G. , 1 , 10 , 105 , 115 , 846 , 318.82 , 5.3 , 11.32 , 0.3 , 1.34 , 0.0
Sanja Sirk , 1 , 10 , 30 , 40 , 1149 , 1150.14 , 9.06 , 35.41 , 9.21 , 0.14 , 0.0
M. J. , 1 , 15 , 35 , 50 , 2106 , 910.77 , 5.28 , 28.51 , 8.19 , 0.42 , 0.65
M. J. , 1 , 15 , 30 , 45 , 1082 , 356.14 , 1.4 , 12.35 , 2.94 , 1.47 , 0.0
M. J. , 1 , 5 , 15 , 20 , 817 , 484.42 , 3.75 , 18.54 , 2.47 , 0.89 , 0.0
Su.S. , 1 , 10 , 30 , 40 , 556 , 1978.49 , 10.19 , 25.14 , 37.76 , 4.76 , 0.55
M.J. , 1 , 20 , 40 , 60 , 1920 , 1344.7 , 15.39 , 14.41 , 21.83 , 0.28 , 0.0
M. J. , 1 , 10 , 30 , 40 , 1011 , 350.24 , 3.83 , 13.42 , 1.17 , 1.49 , 0.11
M. J. , 1 , 5 , 20 , 25 , 940 , 389.82 , 1.24 , 9.78 , 5.28 , 0.93 , 0.0
M. J. , 1 , 5 , 70 , 75 , 1679 , 704.96 , 4.22 , 21.52 , 6.42 , 0.3 , 0.83
M. J. , 1 , 2 , 2 , 4 , 790 , 752.74 , 4.42 , 22.12 , 6.64 , 0.74 , 0.37
M. J. , 1 , 10 , 45 , 55 , 1257 , 612.33 , 9.54 , 19.97 , 2.04 , 0.95 , 0.0
M. J. , 1 , 20 , 50 , 70 , 1417 , 1508.04 , 9.0 , 33.36 , 20.9 , 2.44 , 0.84
Su.S. , 1 , 10 , 15 , 25 , 1066 , 507.77 , 4.59 , 21.23 , 1.97 , 3.15 , 0.0
M. J. , 1 , 15 , 50 , 65 , 1229 , 822.83 , 8.42 , 16.95 , 9.42 , 0.26 , 0.37
M. J. , 1 , 5 , 10 , 15 , 561 , 900.4 , 13.8 , 11.4 , 11.0 , 0.6 , 1.0
M.J. , 1 , 7 , 20 , 27 , 659 , 150.75 , 1.25 , 3.06 , 1.61 , 0.99 , 0.26
M.J. , 1 , 5 , 5 , 10 , 437 , 1827.07 , 0.0 , 0.0 , 0.0 , 0.0 , 0.0
M. J. , 1 , 30 , 5 , 35 , 1490 , 1325.49 , 7.62 , 33.39 , 15.42 , 0.91 , 0.18
M. J. , 1 , 5 , 60 , 65 , 1099 , 366.48 , 7.52 , 4.61 , 3.55 , 1.13 , 0.0
M. J. , 1 , 15 , 55 , 70 , 1362 , 441.7 , 5.91 , 8.78 , 4.43 , 0.96 , 0.09
Su.S. , 1 , 20 , 5 , 25 , 1148 , 2027.11 , 29.31 , 35.54 , 24.32 , 0.0 , 9.35
M. J. , 1 , 10 , 25 , 35 , 1074 , 1049.31 , 13.37 , 18.99 , 12.47 , 0.79 , 0.11
Su.S. , 1 , 35 , 25 , 60 , 1317 , 1042.95 , 3.92 , 24.52 , 14.66 , 2.4 , 0.0
Su.S. , 1 , 20 , 210 , 230 , 1099 , 1051.52 , 12.74 , 3.3 , 19.92 , 0.7 , 1.65
B.R. , 1 , 10 , 30 , 40 , 1135 , 366.85 , 3.59 , 10.01 , 3.08 , 1.54 , 0.0
M.J. , 1 , 15 , 42 , 57 , 781 , 472.88 , 2.97 , 12.76 , 5.16 , 2.19 , 0.0
M. J. , 1 , 15 , 20 , 35 , 1009 , 772.78 , 17.15 , 2.85 , 10.26 , 0.22 , 0.07
@vibrantplate , 1 , 70 , 20 , 90 , 1656 , 1542.77 , 11.73 , 54.8 , 9.7 , 1.74 , 0.0
M. J. , 1 , 20 , 30 , 50 , 1174 , 1531.18 , 3.17 , 65.3 , 10.04 , 0.45 , 0.09
M. J. , 1 , 5 , 25 , 30 , 1543 , 770.36 , 18.14 , 0.74 , 10.86 , 0.0 , 0.0
M. J. , 1 , 25 , 10 , 35 , 464 , 390.2 , 0.0 , 13.25 , 0.0 , 0.51 , 0.0
M. J. , 1 , 15 , 135 , 150 , 2037 , 1288.84 , 6.47 , 34.16 , 16.45 , 3.51 , 0.36
@vibrantplate , 1 , 5 , 15 , 20 , 795 , 1533.1 , 4.01 , 43.68 , 19.47 , 1.04 , 0.0
M. J. , 1 , 10 , 65 , 75 , 1338 , 369.41 , 1.91 , 9.78 , 3.99 , 1.69 , 0.11
Sanja Sirk , 1 , 50 , 17 , 67 , 666 , 1857.82 , 7.26 , 46.61 , 24.68 , 1.77 , 0.32
Su.S. , 1 , 60 , 13 , 73 , 1227 , 1877.4 , 6.28 , 53.55 , 23.58 , 4.41 , 0.22
M. J. , 1 , 5 , 40 , 45 , 1063 , 138.99 , 0.55 , 4.11 , 1.58 , 0.71 , 0.0
Su.S. , 1 , 35 , 25 , 60 , 1101 , 1271.98 , 8.0 , 31.49 , 16.32 , 0.98 , 0.82
M. J. , 1 , 10 , 45 , 55 , 1557 , 1639.58 , 5.83 , 45.92 , 20.16 , 1.21 , 0.36
M. J. , 1 , 10 , 30 , 40 , 926 , 769.48 , 9.32 , 6.49 , 12.52 , 0.55 , 0.0
Sanja Sirk , 1 , 10 , 90 , 100 , 1187 , 344.43 , 2.71 , 16.75 , 0.0 , 2.71 , 0.0
M.J. , 1 , 15 , 40 , 55 , 778 , 896.55 , 14.69 , 12.55 , 10.5 , 1.51 , 0.0
M. J. , 1 , 15 , 15 , 30 , 810 , 855.67 , 17.95 , 1.03 , 13.23 , 0.21 , 0.62
M.J. , 1 , 10 , 60 , 70 , 1244 , 592.33 , 5.16 , 24.75 , 2.14 , 5.52 , 0.0
B.R. , 1 , 160 , 60 , 220 , 1936 , 1736.44 , 7.65 , 50.56 , 19.86 , 1.38 , 0.32
M. J. , 1 , 85 , 45 , 130 , 2171 , 847.85 , 2.17 , 29.31 , 7.86 , 0.42 , 0.13
M. J. , 1 , 15 , 5 , 20 , 1241 , 941.73 , 2.46 , 54.66 , 0.0 , 0.0 , 0.0
M. J. , 1 , 30 , 140 , 170 , 1442 , 1089.72 , 7.49 , 25.96 , 13.94 , 2.61 , 0.7
M. J. , 1 , 5 , 45 , 50 , 653 , 344.47 , 3.98 , 6.7 , 3.59 , 0.19 , 0.97
M.J. , 1 , 10 , 25 , 35 , 1068 , 637.06 , 4.85 , 4.85 , 11.99 , 1.03 , 0.0
@barbarellagchef , 1 , 10 , 40 , 50 , 446 , 209.7 , 1.62 , 9.24 , 0.0 , 1.85 , 0.0
Sanja Sirk , 1 , 120 , 25 , 145 , 1360 , 1487.66 , 10.18 , 46.86 , 12.3 , 1.71 , 0.4
Su.S. , 1 , 180 , 35 , 215 , 1955 , 820.98 , 4.91 , 30.85 , 4.58 , 0.98 , 0.16
T. G. , 1 , 10 , 150 , 160 , 1343 , 592.33 , 8.32 , 16.7 , 4.16 , 3.65 , 0.0
M. J. , 1 , 15 , 35 , 50 , 1106 , 844.25 , 3.64 , 23.99 , 9.37 , 0.31 , 0.39
M. J. , 1 , 30 , 30 , 60 , 1095 , 1757.24 , 10.34 , 53.36 , 19.73 , 5.82 , 0.09
@barbarellagchef , 1 , 10 , 40 , 50 , 497 , 109.91 , 1.0 , 5.99 , 0.0 , 0.0 , 0.0
M. J. , 1 , 10 , 0 , 10 , 611 , 971.27 , 1.64 , 23.14 , 14.26 , 2.81 , 0.0
M.J. , 1 , 20 , 45 , 65 , 1046 , 649.9 , 8.35 , 24.02 , 2.35 , 10.08 , 0.0
Su.S. , 1 , 10 , 110 , 120 , 837 , 547.27 , 7.97 , 2.73 , 8.81 , 1.07 , 0.46
M. J. , 1 , 25 , 80 , 105 , 1462 , 771.95 , 5.83 , 15.49 , 10.27 , 0.91 , 0.18
M. J. , 1 , 10 , 45 , 55 , 1742 , 664.42 , 16.16 , 0.97 , 8.89 , 0.0 , 0.0
M. J. , 1 , 20 , 15 , 35 , 1164 , 495.89 , 6.58 , 16.53 , 1.68 , 0.65 , 0.13
@barbarellagchef , 1 , 10 , 40 , 50 , 637 , 1730.5 , 5.57 , 49.32 , 21.0 , 1.67 , 0.0
Su.S. , 1 , 15 , 15 , 30 , 614 , 1671.38 , 10.03 , 50.4 , 19.0 , 4.22 , 0.0
Su. S. , 1 , 15 , 45 , 60 , 864 , 1581.09 , 4.23 , 28.36 , 26.95 , 1.5 , 0.62
M. J. , 1 , 15 , 35 , 50 , 1805 , 711.53 , 8.2 , 18.07 , 7.05 , 0.5 , 0.05
M. J. , 1 , 30 , 15 , 45 , 1336 , 1219.55 , 2.97 , 30.6 , 16.94 , 0.89 , 0.0
M. J. , 1 , 15 , 210 , 225 , 1875 , 329.45 , 10.68 , 2.72 , 1.51 , 0.54 , 0.0
Sanja Sirk , 1 , 50 , 50 , 100 , 2882 , 1697.95 , 5.45 , 44.04 , 22.98 , 1.62 , 0.44
M. J. , 1 , 10 , 25 , 35 , 800 , 242.76 , 2.04 , 12.05 , 0.0 , 1.85 , 0.0
Su.S. , 1 , 5 , 15 , 20 , 703 , 827.18 , 6.58 , 7.66 , 15.77 , 1.23 , 0.61
M. J. , 1 , 15 , 60 , 75 , 1953 , 666.09 , 6.72 , 24.57 , 2.72 , 7.76 , 0.0
@barbarellagchef , 1 , 10 , 50 , 60 , 692 , 1308.17 , 3.64 , 43.99 , 13.27 , 3.09 , 0.0
M. J. , 1 , 5 , 20 , 25 , 1371 , 672.66 , 10.65 , 3.15 , 9.44 , 0.0 , 1.21
Su.S. , 1 , 15 , 25 , 40 , 580 , 430.12 , 9.98 , 4.25 , 4.16 , 0.74 , 0.0
M. J. , 1 , 40 , 30 , 70 , 1278 , 1320.39 , 8.35 , 57.91 , 9.31 , 6.02 , 0.27
M. J. , 1 , 10 , 30 , 40 , 1217 , 694.33 , 2.92 , 6.71 , 13.41 , 1.72 , 0.0
M.J. , 1 , 30 , 35 , 65 , 1163 , 1156.5 , 8.31 , 54.38 , 1.47 , 3.05 , 0.0
M.J. , 1 , 15 , 40 , 55 , 1021 , 124.43 , 1.09 , 6.68 , 0.0 , 0.06 , 0.0
M. J. , 1 , 20 , 55 , 75 , 1088 , 823.75 , 12.68 , 3.96 , 13.18 , 0.5 , 0.0
M. J. , 1 , 10 , 55 , 65 , 1497 , 1705.65 , 5.44 , 43.89 , 22.87 , 0.72 , 0.62
Su. S. , 1 , 10 , 35 , 45 , 844 , 673.75 , 8.42 , 12.31 , 8.14 , 1.56 , 0.0
M. J. , 1 , 10 , 15 , 25 , 1064 , 970.9 , 8.58 , 21.44 , 10.84 , 3.61 , 0.23
M. J. , 1 , 5 , 15 , 20 , 936 , 593.25 , 7.88 , 18.88 , 2.94 , 1.21 , 0.35
M. J. , 1 , 15 , 100 , 115 , 1633 , 557.02 , 10.04 , 4.37 , 7.39 , 0.92 , 0.0
Su.S. , 1 , 10 , 50 , 60 , 649 , 750.53 , 6.81 , 8.77 , 11.94 , 0.0 , 0.65
M. J. , 1 , 15 , 45 , 60 , 1478 , 1541.93 , 7.61 , 38.96 , 21.21 , 3.17 , 0.58
M. J. , 1 , 3 , 12 , 15 , 1086 , 1283.27 , 16.76 , 45.81 , 6.99 , 4.82 , 0.12
M. J. , 1 , 15 , 47 , 62 , 726 , 663.46 , 8.55 , 12.2 , 7.52 , 1.03 , 0.4
M. J. , 1 , 10 , 0 , 10 , 594 , 1179.64 , 4.15 , 15.36 , 23.53 , 2.91 , 0.0
M.J. , 1 , 15 , 80 , 95 , 1648 , 897.76 , 10.36 , 12.37 , 12.8 , 0.6 , 0.33
M.J. , 1 , 15 , 35 , 50 , 1067 , 581.95 , 2.78 , 22.98 , 3.34 , 2.07 , 0.32
Su. S. , 1 , 25 , 45 , 70 , 891 , 865.17 , 10.31 , 14.19 , 11.54 , 1.76 , 0.26
@vibrantplate , 1 , 15 , 40 , 55 , 857 , 193.43 , 0.97 , 7.18 , 1.38 , 0.28 , 0.0
M.J. , 1 , 20 , 25 , 45 , 1059 , 513.88 , 3.79 , 13.92 , 4.94 , 1.73 , 0.08
M. J. , 1 , 45 , 45 , 90 , 1412 , 1147.17 , 5.72 , 23.68 , 16.9 , 0.25 , 0.38
M. J. , 1 , 15 , 50 , 65 , 752 , 760.78 , 9.33 , 10.77 , 9.87 , 0.0 , 0.72
M. J. , 1 , 10 , 90 , 100 , 1681 , 686.34 , 5.36 , 14.91 , 8.87 , 2.44 , 0.0
M. J. , 1 , 25 , 35 , 60 , 687 , 818.18 , 3.36 , 25.44 , 11.23 , 3.23 , 0.06
M. J. , 1 , 5 , 20 , 25 , 1182 , 959.52 , 1.94 , 5.3 , 22.61 , 2.12 , 0.0
@barbarellagchef , 1 , 15 , 45 , 60 , 446 , 217.69 , 1.59 , 8.89 , 0.28 , 1.93 , 0.0
M. J. , 1 , 10 , 25 , 35 , 1044 , 312.67 , 4.44 , 3.63 , 3.49 , 1.21 , 0.67
M. J. , 1 , 15 , 70 , 85 , 1942 , 1171.85 , 3.77 , 35.46 , 13.35 , 0.9 , 0.25
M. J. , 1 , 25 , 40 , 65 , 1607 , 528.31 , 4.2 , 11.87 , 6.04 , 1.11 , 0.15
M. J. , 1 , 15 , 35 , 50 , 1072 , 284.43 , 1.32 , 13.18 , 0.47 , 1.63 , 0.0
M.J. , 1 , 15 , 35 , 50 , 1500 , 1081.69 , 12.21 , 35.19 , 6.51 , 1.63 , 0.0
Sanja Sirk , 1 , 30 , 0 , 30 , 1309 , 1142.9 , 6.51 , 10.37 , 22.33 , 0.27 , 0.66
M. J. , 1 , 5 , 15 , 20 , 583 , 1084.16 , 20.18 , 0.0 , 18.95 , 0.0 , 0.88
M. J. , 1 , 120 , 40 , 160 , 975 , 750.27 , 11.26 , 26.08 , 2.64 , 2.53 , 0.11
@vibrantplate , 1 , 10 , 20 , 30 , 605 , 580.86 , 4.26 , 25.66 , 1.6 , 1.46 , 0.0
M. J. , 1 , 40 , 30 , 70 , 2664 , 718.06 , 3.7 , 23.03 , 6.81 , 0.89 , 0.0
M. J. , 1 , 15 , 40 , 55 , 564 , 1411.89 , 4.85 , 36.12 , 19.3 , 2.1 , 0.18
Su.S. , 1 , 20 , 45 , 65 , 822 , 734.21 , 2.42 , 16.51 , 11.5 , 1.52 , 0.04
M. J. , 1 , 15 , 40 , 55 , 1692 , 622.29 , 2.52 , 15.73 , 7.61 , 1.2 , 0.0
M. J. , 1 , 15 , 50 , 65 , 1005 , 515.26 , 6.39 , 3.61 , 8.43 , 1.39 , 0.46
M. J. , 1 , 10 , 5 , 15 , 803 , 1106.33 , 9.93 , 46.11 , 3.23 , 2.93 , 0.02
M. J. , 1 , 20 , 55 , 75 , 2113 , 1295.87 , 5.06 , 32.31 , 17.22 , 1.69 , 0.18
M. J. , 1 , 45 , 0 , 45 , 1582 , 1822.59 , 13.96 , 48.15 , 19.66 , 3.99 , 0.0
@vibrantplate , 1 , 15 , 30 , 45 , 1398 , 489.74 , 8.71 , 8.78 , 4.42 , 1.2 , 0.0
M. J. , 1 , 15 , 45 , 60 , 951 , 1464.19 , 7.92 , 56.84 , 8.91 , 1.27 , 0.28
Su.S. , 1 , 45 , 15 , 60 , 1260 , 1335.7 , 9.51 , 30.78 , 16.41 , 1.92 , 0.91
M. J. , 1 , 35 , 30 , 65 , 969 , 1104.91 , 9.86 , 29.76 , 11.37 , 2.84 , 0.95
M. J. , 1 , 30 , 25 , 55 , 1798 , 843.7 , 4.8 , 28.83 , 7.01 , 0.42 , 0.34
M. J. , 1 , 20 , 10 , 30 , 1614 , 640.07 , 8.13 , 9.06 , 8.5 , 0.65 , 0.19
Sanja Sirk , 1 , 10 , 30 , 40 , 1292 , 1447.62 , 8.9 , 39.76 , 15.43 , 0.0 , 2.97
M.J. , 1 , 240 , 20 , 260 , 1844 , 1020.98 , 6.5 , 33.6 , 8.57 , 0.83 , 0.55
Su.S. , 1 , 5 , 15 , 20 , 533 , 212.38 , 0.16 , 4.04 , 3.42 , 0.16 , 0.0
@vibrantplate , 1 , 20 , 15 , 35 , 750 , 264.55 , 4.4 , 3.16 , 2.74 , 0.66 , 0.0
M. J. , 1 , 10 , 10 , 20 , 792 , 353.72 , 1.85 , 3.7 , 6.72 , 0.67 , 0.0
M. J. , 1 , 80 , 40 , 120 , 1254 , 859.52 , 5.55 , 26.7 , 7.56 , 0.47 , 0.18
M.J. , 1 , 45 , 5 , 50 , 951 , 512.12 , 6.22 , 15.45 , 3.51 , 3.44 , 0.29
M. J. , 1 , 65 , 40 , 105 , 1672 , 1004.54 , 3.59 , 27.84 , 12.35 , 1.8 , 0.07
T. G. , 1 , 10 , 7 , 17 , 513 , 26.86 , 0.12 , 1.66 , 0.0 , 0.31 , 0.0
M. J. , 1 , 45 , 0 , 45 , 685 , 1661.72 , 13.35 , 52.27 , 21.31 , 8.24 , 0.0
M. J. , 1 , 10 , 25 , 35 , 1122 , 832.78 , 16.4 , 0.96 , 13.68 , 0.18 , 0.7
M. J. , 1 , 10 , 27 , 37 , 1535 , 441.58 , 5.87 , 2.31 , 7.19 , 0.58 , 0.66
Sanja Sirk , 1 , 20 , 10 , 30 , 700 , 1022.32 , 11.29 , 32.23 , 6.22 , 1.35 , 0.41
M. J. , 1 , 45 , 50 , 95 , 1671 , 560.61 , 4.91 , 2.53 , 11.06 , 0.41 , 0.14
M. J. , 1 , 30 , 10 , 40 , 1570 , 903.12 , 6.77 , 37.2 , 3.51 , 1.74 , 0.53
@barbarellagchef , 1 , 10 , 25 , 35 , 439 , 925.38 , 8.39 , 14.05 , 15.09 , 4.61 , 0.0
M. J. , 1 , 10 , 50 , 60 , 1003 , 957.05 , 1.84 , 34.36 , 8.94 , 0.83 , 0.09
M. J. , 1 , 30 , 0 , 30 , 856 , 394.17 , 5.09 , 4.39 , 6.01 , 1.5 , 0.0
M. J. , 1 , 15 , 0 , 15 , 1056 , 161.04 , 0.14 , 3.6 , 1.94 , 0.0 , 0.0
M. J. , 1 , 20 , 15 , 35 , 1312 , 2154.34 , 2.71 , 22.8 , 46.05 , 0.0 , 1.35
Žiga Gabrovec , 1 , 20 , 20 , 40 , 2066 , 1139.3 , 7.15 , 44.93 , 5.5 , 0.55 , 0.92
Su.S. , 1 , 10 , 25 , 35 , 547 , 763.87 , 10.89 , 10.68 , 9.15 , 0.65 , 0.44
M. J. , 1 , 50 , 45 , 95 , 1498 , 981.73 , 3.23 , 33.14 , 9.84 , 1.56 , 0.16
M.J. , 1 , 10 , 25 , 35 , 1400 , 940.9 , 7.9 , 36.55 , 4.0 , 3.16 , 0.0
Bruno Šulman , 1 , 60 , 60 , 120 , 2487 , 895.08 , 5.42 , 23.56 , 11.86 , 3.65 , 0.3
Bruno Šulman , 1 , 30 , 30 , 60 , 2531 , 585.63 , 11.45 , 9.55 , 5.28 , 0.95 , 0.34
Bruno Šulman , 1 , 25 , 25 , 50 , 2065 , 740.44 , 10.32 , 26.73 , 2.88 , 3.55 , 0.0
Bruno Šulman , 1 , 10 , 30 , 40 , 1235 , 813.96 , 8.53 , 20.52 , 6.66 , 0.0 , 1.07
Bruno Šulman , 1 , 20 , 40 , 60 , 1218 , 703.37 , 11.06 , 12.48 , 6.92 , 1.29 , 0.0
Su.S. , 1 , 10 , 10 , 20 , 588 , 366.39 , 1.95 , 16.54 , 1.27 , 1.72 , 0.0
M. J. , 1 , 10 , 10 , 20 , 925 , 981.4 , 8.05 , 31.21 , 8.54 , 4.76 , 0.0
M. J. , 1 , 40 , 0 , 40 , 493 , 263.59 , 1.0 , 16.0 , 0.0 , 2.0 , 0.0
@barbarellagchef , 1 , 10 , 10 , 20 , 400 , 572.45 , 5.06 , 27.29 , 0.24 , 2.12 , 0.0
Žiga Gabrovec , 1 , 15 , 30 , 45 , 1157 , 507.81 , 12.78 , 4.9 , 4.73 , 0.35 , 0.18
Bruno Šulman , 1 , 45 , 15 , 60 , 1426 , 963.41 , 7.14 , 45.29 , 0.45 , 1.34 , 0.0
M. J. , 1 , 50 , 35 , 85 , 1868 , 1019.1 , 2.44 , 19.66 , 16.99 , 0.47 , 0.0
M. J. , 1 , 5 , 10 , 15 , 1059 , 256.52 , 2.76 , 7.96 , 1.17 , 1.03 , 0.0
M. J. , 1 , 10 , 40 , 50 , 767 , 365.68 , 8.08 , 5.67 , 2.88 , 0.48 , 0.0
Natalija Palačković , 1 , 10 , 35 , 45 , 1307 , 461.58 , 6.61 , 10.67 , 3.36 , 0.23 , 0.81
Maša Trubačev , 1 , 15 , 15 , 30 , 503 , 1425.61 , 6.21 , 31.94 , 18.63 , 1.77 , 0.0
Maša Trubačev , 1 , 23 , 7 , 30 , 710 , 1249.55 , 6.06 , 26.26 , 17.51 , 0.67 , 0.34
Žiga Gabrovec in Kimi Zupančič , 1 , 45 , 15 , 60 , 2352 , 419.82 , 6.68 , 11.05 , 2.39 , 0.27 , 1.3
M. J. , 1 , 15 , 40 , 55 , 1205 , 767.64 , 7.86 , 22.58 , 5.73 , 1.24 , 0.45
M.J. , 1 , 20 , 20 , 40 , 1286 , 765.96 , 11.6 , 20.43 , 5.25 , 2.85 , 0.15
M. J. , 1 , 15 , 18 , 33 , 654 , 1118.89 , 6.1 , 29.62 , 13.94 , 10.45 , 0.0
M. J. , 1 , 30 , 30 , 60 , 1061 , 349.74 , 6.74 , 4.71 , 3.09 , 0.57 , 0.08
M. J. , 1 , 30 , 5 , 35 , 811 , 1725.15 , 12.39 , 57.4 , 21.51 , 7.26 , 0.0
Bruno Šulman , 1 , 20 , 50 , 70 , 962 , 324.43 , 4.95 , 11.29 , 0.65 , 0.93 , 0.0
Maša Trubačev , 1 , 35 , 35 , 70 , 1216 , 589.78 , 7.6 , 12.7 , 5.8 , 1.4 , 0.4
@vibrantplate , 1 , 15 , 210 , 225 , 1151 , 964.79 , 10.2 , 14.1 , 13.66 , 0.82 , 0.0
M. J. , 1 , 15 , 30 , 45 , 1324 , 1047.46 , 15.38 , 30.4 , 6.15 , 1.23 , 0.09
Bruno Šulman in Natalija Palačković , 1 , 30 , 30 , 60 , 1531 , 536.05 , 8.96 , 16.81 , 1.87 , 1.87 , 1.62
M. J. , 1 , 60 , 60 , 120 , 2338 , 1082.69 , 5.74 , 29.41 , 12.64 , 0.38 , 0.69
M. J. , 1 , 7 , 25 , 32 , 1025 , 453.21 , 3.43 , 14.95 , 3.34 , 3.34 , 0.0
M. J. , 1 , 15 , 50 , 65 , 1562 , 1556.49 , 5.61 , 43.91 , 18.95 , 0.4 , 0.7
M.J. , 1 , 10 , 30 , 40 , 1086 , 744.58 , 7.84 , 11.76 , 10.04 , 2.43 , 0.0
M.J. , 1 , 15 , 30 , 45 , 940 , 1239.22 , 6.61 , 42.02 , 10.17 , 1.02 , 0.34
Natalija Palačković , 1 , 30 , 45 , 75 , 1468 , 151.84 , 1.17 , 5.85 , 0.98 , 0.0 , 0.0
Kimi Zupančič , 1 , 60 , 50 , 110 , 1634 , 742.95 , 6.44 , 19.17 , 7.98 , 3.07 , 0.0
Žiga Gabrovec , 1 , 20 , 25 , 45 , 1227 , 1429.42 , 8.54 , 36.3 , 15.66 , 0.0 , 2.85
Kimi Zupančič , 1 , 45 , 25 , 70 , 1819 , 831.28 , 7.05 , 34.99 , 2.75 , 0.34 , 0.17
Bruno Šulman , 1 , 20 , 30 , 50 , 1590 , 808.6 , 2.86 , 22.27 , 9.91 , 0.31 , 0.41
M. J. , 1 , 110 , 50 , 160 , 2633 , 782.16 , 2.68 , 24.78 , 7.56 , 1.05 , 0.1
M. J. , 1 , 7 , 18 , 25 , 1192 , 462.12 , 6.83 , 2.02 , 7.59 , 0.84 , 0.67
Natalija Palačković , 1 , 20 , 60 , 80 , 1361 , 991.57 , 10.49 , 32.63 , 5.05 , 0.78 , 0.78
Irena Kos Mlakar , 1 , 15 , 20 , 35 , 590 , 624.92 , 17.1 , 1.14 , 7.06 , 0.1 , 0.21
